"Site","JanTS","FebTS","MarTS","AprTS","MayTS","JunTS","JulTS","AugTS","SepTS","OctTS","NovTS","DecTS"
"sm1",0.193272109267726,0.2175061449776,0.308105346832773,0.388148756681346,0.358302985675871,0.373903512222529,0.189351643182259,0.270844072104922,0.338281601051818,0.425698521697693,0.463471921956865,0.24008480272586
"sm2",0.495398771964323,0.475560618507382,0.458247734067648,0.374964604350224,0.508119734335536,0.403993330656029,0.329452500738,0.315105841353713,0.403224024983569,0.558235885901526,0.521022612995046,0.496603292073089
"sm3",0.465361567986203,0.438643682222423,0.435049380133746,0.34663639496181,0.508178832206446,0.426636234930702,0.382537269056616,0.381498010952633,0.399522674661543,0.587366793359308,0.518514972365372,0.467293366404002
"sm4",0.433572039260115,0.446143321065311,0.493706669445462,0.441820218854452,0.475927313989575,0.527544338384818,0.434215068881381,0.495454925778517,0.497691731210485,0.606293260865851,0.528548131266166,0.487327573135359
"sm5",0.133804691130746,0.100046190950958,0.228316713274819,0.20132321027967,0.162901960500936,0.141848213988882,0.0211605244045055,0.0821554332140182,0.109219565559535,0.185550223349556,0.230936252494556,0.155950604942877
"sm7",0.411218641103875,0.453971404540164,0.490523164469955,0.461324041592116,0.463546955897189,0.523722898812194,0.42484785764071,0.485687809858998,0.579275962427813,0.628462450876106,0.564166642559892,0.495395378415584
"sm8",0.398853839221823,0.409601157288094,0.466897374109618,0.420952773890982,0.445082671425586,0.498674606143524,0.378697515468992,0.446846808977814,0.484202448029215,0.57510592470909,0.521698053866854,0.438154245465393
"sm9",0.475502974783878,0.442101429040776,0.486335069769766,0.460065013243257,0.464975448090117,0.501610215386355,0.461641875621508,0.510482538752269,0.475032129711806,0.623006812251472,0.565335822787093,0.498039422376476
"sm10",0.385264789915877,0.360075634819606,0.400105832186262,0.400387538383759,0.409684689828115,0.462337900692679,0.357866047677257,0.43366092418609,0.483835442463065,0.572518134200613,0.530915681924599,0.45079180440272
"sm11",0.420211710699574,0.408504365330538,0.452559122066626,0.343842473788402,0.501514854008675,0.50348336517943,0.476813756425083,0.498441989444661,0.516745828009554,0.63178707543125,0.540750614800737,0.454584561416369
"sm12",0.148413833855939,0.128600542045765,0.258806985897304,0.289899382608765,0.328902043862924,0.149829196827635,-0.14548930910619,0.196711658233445,0.187288754970109,0.306128897823328,0.368726743673646,0.197950698486415
"sm13",0.415999879371212,0.402888810662063,0.422583680313334,0.387629924660111,0.378385573674117,0.416982260569175,0.369551048375435,0.362111797133607,0.381742380820387,0.495856074422134,0.524664687434557,0.548697506413804
"sm14",-0.00104815227740512,-0.00648518374194459,-0.0195441039950007,0.0088131763455209,-0.000657910166591027,0.00123724761736331,0.00587666953146288,-0.00071707977916731,-0.00548268197485985,0.00179513022147993,-0.00780866703222683,-0.0143187736534141
"sm15",0.472370778976258,0.459818106259664,0.453699785033734,0.367327880258843,0.523745750711194,0.433175207369768,0.401859139175421,0.395603575180082,0.409802368870939,0.58632533708449,0.522449886786453,0.471066254405151
"sm17",0.176812032320664,0.225259812627708,0.17477724613117,0.161157745238628,0.225506342743533,0.253583824338608,0.280178707621752,0.207306998928953,0.266255890865689,0.199984520091416,0.307689874354509,0.251047286897615
"sm18",0.0820259593034448,0.0765594882105844,0.107907478042725,0.200547279534894,0.47450742538164,0.379863010440165,0.345837685827763,0.349132324511131,0.387077887126841,0.450523100852891,0.289768079707626,0.122218676908449
"sm19",0.179665333393725,0.205911797514511,0.158374781102422,0.135749830698177,0.1592176428393,0.258859502216339,0.287551592418262,0.217128340512688,0.309626879299039,0.1745828747266,0.261997475201083,0.245515551346221
"sm20",0.389967605573099,0.40169373022563,0.490667752482828,0.439337499621837,0.476258877129111,0.535381867596208,0.394062193109321,0.469993948084965,0.50607306101528,0.59748097931954,0.54738408007398,0.447158073359016
"sm21",0.49049821082465,0.469188818814062,0.464431693041286,0.368916695664846,0.543731790076247,0.467051437045284,0.432703056405953,0.443334749580206,0.436744576284839,0.610048051795089,0.544914535263029,0.491952476233249
"sm22",0.12457722841719,0.180922134857685,0.226854025514753,0.250797157394926,0.24764804992039,0.220333159996609,0.245873138693311,0.276805283195551,0.372452328321141,0.329221435938455,0.331805404157989,0.147371030819747
"sm23",0.468447115921112,0.433989999187095,0.454986015376096,0.354454974195071,0.503417733551039,0.337194633004609,0.35149525685752,0.43980271051508,0.442417954269025,0.570827114465997,0.535135051230077,0.455044168108711
"sm24",0.193296663692344,0.227158356922237,0.163895282917408,0.270249151257588,0.241130258509528,0.207483620134952,0.166072751015054,0.1415508690327,0.114636326808506,0.21308775210627,0.338863950053676,0.267587400272707
"sm25",0.487722068373101,0.47608854255343,0.478817368460488,0.361357825741869,0.553137084030652,0.477992528285571,0.443296255482194,0.34533957286102,0.409386741917846,0.590326657053637,0.537584144637658,0.456518484227957
"sm26",0.323405732649469,0.278216851427493,0.254383250407129,0.318165674398159,0.39317426684953,0.495914869010616,0.427207200381483,0.347622304777336,0.445257574372314,0.367042068799885,0.498821927110529,0.447228757372531
"sm27",0.492043893361274,0.469538670123993,0.459902850052717,0.36357373682278,0.527317909286291,0.43023054374184,0.381992736506233,0.392936823933279,0.410262248055026,0.601096732823684,0.532132874313712,0.486481730359806
"sm28",0.218784693469443,0.281601212435746,0.40557532577125,0.489608582478471,0.492792365840838,0.451201410557266,0.412922317379579,0.411447080580403,0.417336369544455,0.527661013104285,0.377893615314295,0.255899595982918
"sm29",0.152198219227578,0.211095087026164,0.351583308798979,0.509761288991605,0.524891558555937,0.477979399153917,0.364920893548974,0.448965695740516,0.473265076815018,0.555750287464355,0.48408244636052,0.275357687201145
"sm30",0.41812071170246,0.45217367960247,0.517285858199527,0.511227935748101,0.51847971590221,0.522973985593116,0.408707276259111,0.360535595712019,0.262438198320354,0.537069807933774,0.554902646394687,0.510709342782874
"sm31",0.476731455364281,0.62648737434977,0.538926208585088,0.421036257569756,0.548550593403481,0.760298820225091,0.522358798260583,0.583052890256283,0.538363518252458,0.61082757149947,0.578957016665668,0.425661131012099
"sm32",0.441814638245026,0.413885481537161,0.439926303177165,0.335225657375193,0.507449094783132,0.360228227274519,0.373165291365185,0.310748219085142,0.417236071239115,0.596238636960717,0.532020215168158,0.44732273756068
"sm33",0.11350536083701,0.0981906676883008,0.12449260722364,0.117088149404718,0.453382219203567,0.342133080478387,0.327956387876839,0.328044445864853,0.381275958545142,0.443228855096291,0.263271157634171,0.141557752032532
"sm34",0.456531263983372,0.442610226257127,0.455479248802556,0.342480274420569,0.553260836176706,0.490265161788085,0.585806203061719,0.490113862589029,0.516591607796058,0.638358698150533,0.537671434912226,0.521636709981905
"sm35",0.0978487694270712,0.0868197455164252,0.12513056280725,0.11784923968663,0.0864845794098147,0.114968850939833,0.138446279634872,0.181431043514951,0.240169955855566,0.20879400856662,0.178912895142806,0.0753824337343118
"sm36",0.216674161884317,0.204637200683429,0.183260013382823,0.117438005114814,0.134777304015881,0.244214318654646,0.314939575082016,0.180568594813002,0.326035449934455,0.267723022640576,0.291010604424458,0.235309659922851
"sm37",0.392370760150399,0.433286996289911,0.518028852307721,0.4670284503164,0.487541369098254,0.520720812916645,0.411452691614804,0.508268313199999,0.520095161819188,0.594190793546884,0.560255093978408,0.485536482396215
"sm38",0.562523891145052,0.537131022263486,0.521471755683454,0.413637590157215,0.575218620035718,0.490440111191618,0.565790294921899,0.529908494649033,0.497009000308211,0.674522518970751,0.608895377748739,0.556025674425077
"sm40",0.398685443239505,0.411178886282993,0.433139962468047,0.464176959826589,0.472696395325542,0.50354815676949,0.458613901941156,0.443624971940028,0.486980566971238,0.54103524328595,0.567357051696467,0.564620660871456
"sm41",0.423471555438803,0.396414704226646,0.431898833779229,0.380951418452301,0.501471943448615,0.428162635792534,0.422103718703463,0.472250533840609,0.492857328748364,0.588119615839038,0.503050411106033,0.372215147235749
"sm42",0.226428442828402,0.263796976293711,0.205001545261569,0.222705981244601,0.306922000399445,0.310391673451111,0.309643738832232,0.206834571636575,0.260605443970386,0.206593710165758,0.350069736803935,0.303189169245773
"sm43",0.0172040139464073,0.0174741259280824,0.105127166839201,0.394021972581362,0.384092777959142,0.260529549395861,0.23434077795596,0.197399064518025,0.365132914016836,0.272175520652085,0.199364904446415,-0.0188328471163856
"sm44",0.400131845888258,0.431302852334658,0.432170268023225,0.336389501462682,0.488708235104402,0.417220342158714,0.402828097325268,0.354614779853292,0.445358098679662,0.585123500058576,0.524736178897892,0.460535027801912
"sm45",0.316447967393732,0.322036868083047,0.35070496751279,0.273293998521116,0.390763988368959,0.294320857080981,0.237906066616217,0.278832667448174,0.336057479093647,0.430638072693342,0.4127783766055,0.319947884609432
"sm46",0.415165390713422,0.393662170557153,0.417047395914373,0.337315338302241,0.493149804839257,0.369807622417072,0.402539948358312,0.35826029640044,0.424491335914371,0.573755646513432,0.508844296902432,0.423616220502355
"sm49",0.210626973813228,0.204773586019659,0.26835683280715,0.214213763495134,0.208978447717362,0.2541756598516,0.29495973289165,0.278235554150963,0.412529267868906,0.294665784852312,0.334727395154069,0.214181902930766
"sm50",0.101707868450742,0.116359192932908,0.138225467144361,0.135463341946004,0.102817184095234,0.073561156701903,0.0712776562274792,-0.0253537679652168,0.297584646906928,0.232727409104909,0.182815857263387,0.126544339998353
"sm51",0.0960288115827745,0.0563919915455839,0.123304008887755,0.265114291560109,0.352234914362726,0.352569077997836,0.355096654570984,0.247620409074822,0.268411061741587,0.336808199115696,0.182912535282776,0.147933088802077
"sm53",0.0745043039448532,0.0784290342352422,0.210612820863728,0.504863556833666,0.506501641987592,0.514435443035897,0.472939694984122,0.508338983736276,0.508499791278699,0.560299843424201,0.503562783119403,0.155143749041701
"sm55",0.381007284459445,0.476117022146295,0.411720205568115,0.286344755968882,0.459567642917527,0.372797253749638,0.706123615463008,0.521285713910765,0.506112235905318,0.566103202600592,0.42435777938693,0.318988800553281
"sm57",0.0358011702872889,0.0410557362857893,0.069697729474506,0.0460658569593051,0.138456314903411,0.333654585763471,0.278229726790701,0.172911740570765,0.297278161920964,0.208769822900307,0.221106875983189,0.0265989404238549
"sm58",0.26310544586246,0.333488732731675,0.289968459015423,0.196688310372838,0.216977906880011,0.413997073721114,0.421525947947109,0.321187005195427,0.471651052827438,0.37451071596009,0.492140096681733,0.338381989108534
"sm59",0.5363905340576,0.5150538197582,0.519548135103171,0.420637902606935,0.594901774216969,0.519690577448443,0.523278066700413,0.477528334377035,0.48860772845086,0.630270181652162,0.586770539294005,0.532417854318289
"sm60",0.221471237277833,0.300860734512311,0.212123950445926,0.223367814315632,0.382216185150146,0.426874200901319,0.405869877453801,0.345576788234802,0.366575173358088,0.309445480156814,0.430792319561472,0.309421505912083
"sm61",0.418662479738881,0.426706375057529,0.523559298033542,0.473864954653662,0.539609796813498,0.560722089436278,0.492674692647383,0.548752964266624,0.538321020158988,0.642000567739528,0.560059986542986,0.503108722945168
"sm62",0.182787663686161,0.212512589203933,0.177555320738759,0.151721805070195,0.216262727855124,0.266768680788297,0.345414791337399,0.204460211798569,0.301740595020985,0.155365433689228,0.260191193150036,0.200704136398401
"sm64",0.1781738108249,0.221328882769761,0.194887729802493,0.161758446138598,0.205957417171742,0.274454944518512,0.359553356937653,0.24647393995985,0.296654802112496,0.155132928401996,0.274933464955556,0.220698453715704
"sm65",0.51947175060845,0.495287251760414,0.500996812251294,0.390712715633253,0.579161981265277,0.481992102165089,0.498500009789998,0.468712871238415,0.466368066077216,0.628857405388953,0.562165551789401,0.494913876636129
"sm66",0.43422581781394,0.425436506844446,0.455454091199217,0.465111699861337,0.463050371634514,0.504990147303636,0.430210766172257,0.429995812616279,0.444788269816276,0.526813706418226,0.560950888319096,0.587048665249777
"sm67",0.379259272105112,0.347689099556677,0.338986895360945,0.299578971260178,0.405068625382106,0.332741969321506,0.310452939151701,0.349650966360057,0.394843587909906,0.510775002466119,0.494804988078921,0.397158142952415
"sm68",0.504563490006384,0.515623750692487,0.518379936823218,0.408462058518518,0.588655364661143,0.497234978090821,0.527368308777817,0.479788956780005,0.489834791767981,0.647210086397625,0.574775604236773,0.495621352638176
"sm69",0.0347377027351043,0.0838059995938008,0.276186195939263,0.509015113137124,0.608307297433424,0.444228099154548,0.405799093466763,0.50795048417971,0.520798399227239,0.540525893874164,0.35740163377327,0.0911151795781639
"sm70",0.472233749169335,0.425788320569208,0.475852734505158,0.397926975473727,0.454150527830686,0.370834245358705,0.358996976139276,0.406525713018137,0.465685536400846,0.579406190349705,0.546151071922239,0.503255436661666
"sm71",0.18183373762126,0.224696429380846,0.208779872902978,0.169152616523796,0.199177196484809,0.236193070701743,0.237556044876042,0.150631088290247,0.265345318080287,0.13557164671351,0.238106288242089,0.192780711107102
"sm72",0.300527656921011,0.271281399356856,0.294951055808503,0.198471703305349,0.282220614636289,0.269793708676554,0.27258384908699,0.210596578757676,0.361829102209664,0.386737696105074,0.436170581606246,0.284435676083542
"sm73",0.199716171993894,0.138359738448773,0.245354479839138,0.209417435197302,0.193177630801414,0.185526878503944,0.178495622653679,0.0503321590513741,0.369198459750304,0.323765550467619,0.305560978915914,0.209994369657216
"sm74",0.175858929995059,0.179498677112501,0.259089615197092,0.368388259228589,0.387421720791409,0.370543001366022,0.264264877403865,0.317195243554799,0.333661389933553,0.427784760435029,0.360594879760943,0.218055293488195
"sm75",0.0978910246505723,0.146657514935696,0.308352487784633,0.530646378016213,0.513267295868696,0.437378875411266,0.376585712271902,0.508135414846378,0.442167518153205,0.48807163176806,0.481558487071954,0.173317100264009
"sm76",0.190271339437148,0.245150888786614,0.383690247555756,0.500222060542771,0.548510517180426,0.52562259402421,0.378731941134357,0.479936852385354,0.538028459902913,0.579896435638486,0.473220301431936,0.279226720794158
"sm77",0.506987914975906,0.47194012955592,0.4887393779803,0.394644333474066,0.547238568050212,0.468721726051287,0.414303736289263,0.463903631107635,0.447458229556208,0.618333562679229,0.544388513948113,0.501477235958833
"sm78",0.470554424950535,0.452621113120844,0.449005720762975,0.353150468362106,0.541544041169863,0.433708911884693,0.401146372570037,0.430897829626091,0.444246429725499,0.607340954191177,0.544781560202473,0.457193477541255
"sm79",0.492597822853986,0.461360134287883,0.546097078160889,0.478230266798646,0.485964594712653,0.503309578019262,0.457686087585311,0.42065660741856,0.492838284228126,0.454078399246447,0.590671398267745,0.557885977159624
"sm80",0.397464380166808,0.378292489708645,0.381845832604444,0.345720590592524,0.479424338565839,0.355753123926153,0.386436792371656,0.480283979251609,0.437506524138083,0.536570112821396,0.479528721914593,0.394513392336851
"sm81",0.364145161677082,0.393929520799549,0.342645014158173,0.313731828581516,0.327407259944343,0.409664245939562,0.417988236662983,0.349751677641932,0.490710442817203,0.440744522646441,0.514290782152239,0.469405771269302
"sm82",0.0708120782517663,0.0815500722214851,0.220319545736631,0.267637296061168,0.523744668738384,0.482620896646436,0.384932164365363,0.383875706324283,0.410260128420939,0.334549397974344,0.308307606214451,0.0689379968429275
"sm83",0.0990608818324235,0.148050641675012,0.20368237225573,0.298317539007357,0.266443456013567,0.299829405148528,0.372679601310022,0.373881288088083,0.45346669242877,0.314618487825378,0.347790403665618,0.100761894797452
"sm84",0.0898515521383663,0.16500367081113,0.241488076214614,0.185342989515062,0.320170095777535,0.267760477936626,0.018018151448787,0.274481932383801,0.0874662209236826,0.357744067772284,0.270637206131191,0.0606692113954393
"sm85",0.514862045015637,0.494502641341256,0.50966033746834,0.39477232032734,0.585725300671941,0.513603465491162,0.531930343913571,0.510451073052486,0.491969644893299,0.633667202890756,0.576129684763756,0.515096775041632
"sm86",0.540578333232253,0.518249900848328,0.512735836185863,0.405419852850956,0.580217908005327,0.482967574727514,0.476514198063795,0.477663987882572,0.470879203701581,0.639543213867979,0.578591958910742,0.518609852544681
"sm87",0.137284473873146,0.0969396936266998,0.212792428191908,0.280084204568212,0.298823986727501,0.330919719043607,0.433328912692994,0.345413903095073,0.460877898652371,0.31078726477711,0.330193050942007,0.125150136661846
"sm88",0.52549119394052,0.504424189161736,0.513546736471589,0.400607870733361,0.586982386263638,0.517416372258067,0.519695041534885,0.503169572619261,0.490400151330271,0.642219381997973,0.570901811270935,0.515987195565087
"sm89",0.223950349558736,0.264263352718462,0.300180793921006,0.338451844003671,0.351531563438115,0.243587329445589,0.12510486680322,0.0778387107302878,0.219079856914382,0.407541342449903,0.316993806561167,0.276776945347367
"sm91",0.159431979291552,0.164850065273921,0.138462756896254,0.105448229969127,0.105587290822602,0.210730009237735,0.135071910008968,0.049981284137843,0.0541742637344337,0.185494087498238,0.232309664539816,0.185285320679895
"sm93",0.178770015915534,0.144174767006801,0.214198434427167,0.138181925361391,0.0168967534662452,0.245042195047488,0.341882583968657,0.332107133806145,0.387322993764998,0.26141200104469,0.235919129447677,0.160454965746751
"sm94",0.423772209617597,0.408100358075181,0.399538938762043,0.336613318874284,0.406207743855762,0.394041670207558,0.335231581673322,0.322352943300657,0.3865134594611,0.530942845524172,0.522091672269308,0.464438253075059
"sm95",0.0481483631500138,0.0484107672279543,0.185992717914885,0.397679453873828,0.502143922684599,0.516574635984677,0.444837168751308,0.541475165867462,0.556643421242035,0.549285107288491,0.495965643880307,0.143262155925388
"sm96",0.27563456278446,0.314140440283612,0.222598392732908,0.302904133397247,0.426549664085251,0.491624503804942,0.519642599687033,0.44298495385705,0.483030754033309,0.333439409961631,0.43666289596085,0.349073394246107
"sm97",0.377204258961626,0.369548546082762,0.427968951971463,0.403879760273504,0.383495009717947,0.423222988340703,0.340015498605964,0.406833778721721,0.432465166811942,0.476198798537652,0.503291637972228,0.434808657905765
"sm98",0.127168424518018,0.155105084650643,0.262623707442617,0.4062820929322,0.437845890824989,0.476660070623039,0.443430142759771,0.596751039552862,0.509762424963196,0.475377667912797,0.515132132700747,0.178245137079523
"sm99",0.448138387133776,0.413334367714054,0.409749798846737,0.367790585435492,0.445604578668343,0.365316063274582,0.298285140815061,0.336381041889596,0.37157806391306,0.556856820828352,0.526347983213035,0.459838921603795
"sm100",0.111224192489699,0.128248221943831,0.190107547183184,0.178620174296708,0.220495039597829,0.0740394127154265,-0.0377384286295647,0.0471170233857268,0.134212995553177,0.360715464361055,0.319519667301949,0.14076201660244
"sm102",0.35352667189187,0.376317369586469,0.450847625016061,0.46494093772857,0.466467818843648,0.491323051397522,0.41910788223914,0.508353632930443,0.522414504073585,0.59605950075705,0.536336274823264,0.404220282824954
"sm103",0.263864719480968,0.205687333026609,0.289864953658571,0.322262493327558,0.345169341090917,0.369985521773753,0.346554573853227,0.396065236314767,0.466903109247477,0.482705276470312,0.382978174041009,0.26801610764115
"sm104",0.437041497232614,0.418452948327235,0.523002209795747,0.457234033281686,0.537903550347426,0.535694159078034,0.500518364823536,0.562860584867961,0.54106766525673,0.613148925033601,0.560103108638972,0.47712414971867
"sm105",0.486494438728623,0.476706063970386,0.472418208764854,0.369744121480971,0.556698143133858,0.43871988368261,0.413880166004118,0.466752834916046,0.448083853922878,0.585678919462922,0.512186919756721,0.459723225033124
"sm106",0.244987549168047,0.280022777318274,0.216674104087344,0.207531821354047,0.268241185493721,0.324569088221973,0.295859993223216,0.236714964126271,0.237672350336412,0.236493361056991,0.384462776462412,0.36665001614834
"sm107",0.238524150389189,0.277498443599122,0.375120807243288,0.395126942720458,0.445415512700731,0.431861324556276,0.454461973384103,0.492341365755459,0.534490221158131,0.589871869615827,0.410072791146177,0.294079624011927
"sm108",0.398568418472642,0.406619459495339,0.445475820702974,0.36113340090126,0.410115855188414,0.439426456954734,0.323162692449119,0.27932427496026,0.325574512331352,0.555666429255592,0.516853164257531,0.458141392793002
"sm109",0.453676919429062,0.420700939632096,0.438182593694607,0.398112725629113,0.598694699236039,0.48227189304018,0.487805069447015,0.599830281687825,0.551117153611364,0.629316786037141,0.540196501025134,0.463666339233809
"sm110",0.182637663856796,0.262192807953239,0.397789625886806,0.439816125336063,0.533429586437906,0.467307430881404,0.439991634711788,0.499281327044014,0.529810108480997,0.601849583712516,0.431965016889646,0.248055302910889
"sm111",0.221441376557263,0.270024055284121,0.290828017329177,0.282873561445619,0.46122855558511,0.405493133862904,0.401828806104881,0.351559433676347,0.449687984452364,0.479985175569761,0.349053050553903,0.312832018669932
"sm113",0.50115476155544,0.467837856699297,0.526250546535877,0.412580626939074,0.640772278245585,0.481953340754898,0.527843166656203,0.479043375091946,0.528176820604189,0.645856058134223,0.545296177205392,0.49334526865847
"sm114",0.438764695299374,0.440026610180012,0.522206734923721,0.524852857481018,0.479750049375005,0.482307861261386,0.354179283409634,0.355839475923337,0.388613995138212,0.400468869558882,0.515620261936984,0.481123610465087
"sm115",0.00440435258605345,0.0106219647691277,0.20078303928112,0.290283831591162,0.302703394484356,0.506588542679007,0.420287659936252,0.259943230191871,0.385289292833274,0.49028594280058,0.202680377545552,0.0123138027104312
"sm116",0.152134373011011,0.165262737456373,0.17963579359959,0.214220918858231,0.290244094263605,0.434093176731269,0.570367403536357,0.349194906626409,0.5580215389727,0.343416918968372,0.401506310563529,0.175068173611884
"sm117",0.327480148433752,0.351660271403702,0.420307279768379,0.440812873032424,0.441388175054486,0.482344188647325,0.389903742293471,0.468414635384458,0.47074131938164,0.540785448936586,0.489736377024923,0.381097243982379
"sm118",0.0198975365128274,0.0227100972460847,0.201596163306777,0.524991787265584,0.524427749586721,0.510273863549577,0.431887845818304,0.542469212236966,0.501913787588639,0.507853331773356,0.486202394340939,0.106030768086916
"sm119",0.163874141468814,0.160520983322836,0.130015027260139,0.0851073823413853,0.141956281590229,0.251636095010829,0.220243062649417,0.0973504333871202,0.235301296233549,0.199403240880782,0.243724727449284,0.209384400182135
"sm120",-0.0563722133843511,0.0714501885966308,0.14660178026341,0.307463421140584,0.305380511430742,0.293947952369699,0.332660380459186,0.259509161001251,0.406270654027225,0.262139411166291,0.245670242919335,-0.0357013630272687
"sm121",0.400177530557283,0.418220580237285,0.498752378604501,0.454669634734249,0.501097377485986,0.51426499378471,0.424345211210315,0.488983179922983,0.51949279394743,0.591553855263354,0.53702481453886,0.453222694382301
"md1",0.329902381805239,0.385425327832316,0.469004855894957,0.490226367247678,0.486059152937037,0.526621213448749,0.452828937554259,0.512729631258821,0.530491376952985,0.596229623836861,0.547986175849973,0.409717996832847
"md2",0.117398450494837,0.12806345029538,0.184279440688367,0.169455850860211,0.305750076068172,0.231031768670401,0.208402995696589,0.140662860695515,0.178061570966731,0.278609100439516,0.17981746869802,0.144332546161499
"md3",0.201237988343371,0.251206909804108,0.314675500698675,0.375021445065273,0.571560883930946,0.455015663724888,0.515002697085885,0.492538740618979,0.552316708872723,0.617248132431837,0.452643742151146,0.254641503079369
"md5",0.32233050016992,0.332341225384687,0.430257494733113,0.386974327478684,0.369047202733534,0.399748828600409,0.419269108454923,0.43199976753354,0.409297669756961,0.523664880623915,0.442749359495748,0.377586716834647
"md6",0.214114829498063,0.198617312330579,0.286627434419377,0.377614304698258,0.455812301249436,0.447467884140318,0.353247944629969,0.504702117039611,0.535672324801172,0.557084717150085,0.403970453444791,0.225058624888987
"md7",0.371398761345121,0.369142988213471,0.424727158597619,0.431887142288036,0.404789080804985,0.442434562566627,0.354069136310863,0.422125724252659,0.461120774043396,0.499738437577289,0.507048093822428,0.436585862463441
"md8",0.52712290691423,0.507685634933104,0.492633710562818,0.459525715026494,0.648511850129245,0.57311237842947,0.791679457273819,0.523314309775545,0.604991850756813,0.634387341519739,0.569095279287809,0.496110835560076
"md9",0.0247556937241403,0.0210798556022903,0.0740352398009836,0.276242314476479,0.439989160925591,0.312761664089345,0.171977866546345,0.350841704887833,0.252421994102683,0.371103152981882,0.190391876265616,0.048907356818354
"md10",0.163883303152971,0.18021203483995,0.20191167089082,0.298691058370368,0.268746756945151,0.241046697325128,0.126818986453165,0.123287924848741,0.175994055088486,0.170586656190928,0.216303645317068,0.164767775077752
"md11",0.0465269875127838,0.0401336752371899,0.0882023304145025,0.178141405644106,0.276130382950006,0.128961580930673,0.243548159334823,0.0972417659316909,0.308025741809066,0.134124744979615,0.0980190489319291,0.0324166197473702
"md12",0.480383247493108,0.451910410617885,0.469071127852761,0.375699718617108,0.575094681033893,0.511692539827381,0.478954133349228,0.555473276847469,0.558456493521911,0.657342058686476,0.55815874104172,0.490796131747589
"md13",0.132382727386948,0.124252602590204,0.174653066020759,0.327151692483433,0.387878572920564,0.374552147663598,0.219182368241604,0.320056462674667,0.303719809787003,0.406772494028807,0.392155683902719,0.212177420739738
"md14",0.439991849969688,0.418057354322594,0.45409602451501,0.379506578000388,0.392461825964179,0.464195511791787,0.295049733189372,0.32858818276409,0.472443814959442,0.556644102540539,0.505788444160356,0.492469266825794
"md15",0.340987267953728,0.38253216936125,0.373061639046506,0.375229157338597,0.470514942241034,0.481111139547901,0.354781867031967,0.34866921711558,0.472852459038685,0.44497323789686,0.534199849668503,0.331900498602044
"md16",0.364391919845987,0.431491841292155,0.537699722591411,0.504927411943437,0.517738375208147,0.473009390831054,0.364986783515378,0.357278774746295,0.452903013252403,0.592906202685636,0.503038744600021,0.434781066258937
"md17",0.18927883283932,0.215475041824582,0.277402528926551,0.18605949260156,0.454262090217812,0.310876403114807,0.0801260845105222,0.364344127541644,0.317513958458168,0.445524044107608,0.356712875618447,0.141794811705054
"md18",0.193516330681,0.151733247401773,0.208225121865643,0.132127183347659,0.153704544991839,0.135290818676737,0.144381336423693,0.121376371971765,0.199888858877972,0.215914093831425,0.214874568446489,0.175897291029851
"md19",0.253199127887253,0.240884745736528,0.280509833047357,0.419124847016675,0.451218114053091,0.418948054308042,0.308953934100883,0.327785642266375,0.398180538489539,0.317367647132396,0.362220958942489,0.269925759872896
"md20",0.292857766042234,0.300651520508795,0.420258992349558,0.366087857708282,0.604748740975707,0.549691081103894,0.41279893872963,0.329433608252181,0.522109216918066,0.511805757111988,0.353524439559755,0.320177072423927
"md22",0.0213978445200199,0.0170459324458657,0.0611539248503939,0.0798979294187718,0.173908369170173,0.0198887833382179,-0.0126352395174487,0.0990425337729285,0.0378732542703306,0.156166409743092,0.163854310024264,0.0413754146653093
"md23",0.526100330011304,0.481429846422675,0.473252277148526,0.400059390372388,0.564398297074632,0.516516444085489,0.464211275694376,0.564751993897436,0.470374388252295,0.614896305957625,0.570424340075848,0.493384192998925
"md24",0.450905613057333,0.440450887968127,0.510078902049853,0.484209564116008,0.54088138957455,0.554822494958117,0.497538780913912,0.545846644191184,0.556081998629087,0.639106878856444,0.573848223092611,0.499426527229398
"md25",0.450155033154622,0.47382632965546,0.552412959840457,0.505421961909015,0.567860067336308,0.562123024086929,0.344216727579578,0.410966489815621,0.472045293656848,0.662417545068158,0.568624436241878,0.494911940288398
"md26",0.0315663049800328,0.0245468533307705,0.0383580142189246,0.061545577411499,0.059651806571838,0.0915184157625592,0.34599327057252,0.181663375292098,0.327403224135046,0.181986799523338,0.154826455150973,0.0403959797398788
"md27",0.156409715487308,0.178482260119542,0.212453199544574,0.148038312522672,0.203749809211269,0.21974738455552,0.196341745764741,0.0896984895500002,0.00492718654237896,0.290792746051079,0.296957020721561,0.150660260288357
"md28",0.0676177505042674,0.0527829881015006,0.138760282014571,0.15120386287672,0.162696383711557,0.062120910951018,0.0293062123786555,0.0274101858279948,0.0436288924912958,0.27896951323827,0.244500052911492,0.14091311091584
"md29",0.107661144664418,0.0998287677413474,0.17068818462266,0.193430414372227,0.0112421849041447,0.0362827925997603,-0.0211269744589629,0.183646913550563,0.0357674843487968,0.115854150845162,0.232801459423006,0.124969004152233
"md30",0.0637772978695813,0.10297103725656,0.189859080923558,0.229302176824489,0.117039324665652,0.0812807240581588,0.201295398187692,0.118227774326238,0.257634491356966,0.267336158937372,0.199524361181063,0.161101691475889
"md31",0.538705185809483,0.515247743108619,0.517027358801674,0.407854350831411,0.565760635786972,0.47661658078265,0.487903231967045,0.555182769113438,0.515496597113217,0.651158645872384,0.583959553745193,0.523664397895442
"md32",0.173210403167366,0.327011418664644,0.401214121837676,0.399800296654714,0.616284654397285,0.430271981686709,0.408904821921108,0.46469236305783,0.581036197493159,0.598399181306987,0.382558328557826,0.237561365436885
"md33",0.227762655704084,0.297072514615449,0.379940868897507,0.446690687895365,0.584956230191662,0.470642627973878,0.483587061551616,0.57818346305302,0.561416755889123,0.599533219432786,0.447462373890545,0.283717040665806
"md34",0.11194256966174,0.0841218934187145,0.172580172457542,0.14798141828756,0.388990700422554,0.281955190250978,0.203447108909611,0.0986756799961926,0.243064432296862,0.386499957420946,0.232077427780747,0.112561988550119
"md35",0.186157239069039,0.0619751288334442,0.0131548268873498,0.020103044597625,0.0186219693340776,0.0265332874389003,0.0876836603190509,-0.122483154058905,-0.183459974750698,0.143634633452899,0.316696936442931,0.0714388014701508
"md37",0.425244267104232,0.353331907730411,0.380578484168785,0.346096744602623,0.663255682266922,0.513164533160838,0.720795945168334,0.39974993860819,0.510520329280636,0.588648807950376,0.532639201763982,0.406760862731878
"md38",0.0313242916187164,0.0626419205110781,0.179202646650703,0.148221444032502,0.190199381677729,0.100189977832153,0.178816838482821,0.048757050832836,0.00324194797483263,0.234615949059229,0.119116095371893,0.0745387435663817
"md39",0.049329886740974,0.0650516038813502,0.156912460593954,0.223077076754259,0.240286677240559,0.0995700824219863,-0.0963501100505006,0.0914041520992364,0.155696496652814,0.38450640331798,0.300677346905857,0.124154188386382
"md41",0.132512198518515,0.0772010633538342,0.0933412883697573,0.0496630736105562,0.0952729166704835,0.0704705173806432,0.147788122719978,-0.129006838281986,0.258620725980266,0.142660323928941,0.220011642805824,0.0722697907415164
"md42",0.507655187653622,0.575664320501729,0.521949405615658,0.453309840460458,0.567420588888344,0.71517785074537,0.50457701486158,0.563856977502054,0.537981834035705,0.595845912705118,0.595277306966361,0.46773587884804
"md43",0.198895673028662,0.243230904946662,0.211802782023916,0.191268464367968,0.303010353368024,0.365317471417876,0.41800065652965,0.272050246003168,0.375260012267099,0.142499975398678,0.220118071060838,0.225431159109768
"md44",0.0457471814302976,0.0376274693659214,0.0815581772930161,0.194877288088559,0.255740370026394,0.157644593337385,0.100483267156689,0.105415196106196,0.140324123980493,0.210078777157545,0.164634268873879,0.0358452190501948
"md45",0.033014967648621,0.0266546524275434,0.201182301374818,0.540270814019624,0.527888152123709,0.550754027149903,0.464133676818243,0.576912431324979,0.539356292340583,0.578670188783602,0.503921600612058,0.103948087679709
"md47",0.211561121153139,0.308546252528583,0.442042573112054,0.523734941053874,0.498682055133311,0.575987250941974,0.523688506149903,0.625353545868214,0.585449968108569,0.634066688049521,0.573481517720823,0.298889174162144
"md48",0.125920304633033,0.188221222581697,0.193467611545594,0.141703194638878,0.0607649499353534,0.134836631449441,0.181041175386161,0.116695241320164,0.16871076430285,0.173436478803222,0.207868416735549,0.208595056149762
"md49",0.184922335114029,0.206067161189728,0.127777741136126,0.13922856487264,0.163736231696531,0.219154974131857,0.270823536936716,0.195524858702755,0.186109934684692,0.146369804461516,0.267127476437676,0.240236152410388
"md50",0.2133916699812,0.157767632151531,0.128508943700511,0.0172002086044395,0.0398402159090424,0.0763149370823401,0.161910050777747,-0.148101859542039,0.0388268537389728,0.216116039451504,0.33451768974201,0.109179234010923
"md51",0.0461777156095479,0.0376691787397073,0.0525415019669171,0.0595859349388492,0.0630260684846781,0.0368837101985383,-0.0506668457101598,0.0171129275878154,0.0280768250878233,0.162224815096763,0.221026685103921,0.0571547719332381
"md52",0.125326939442685,0.194832008794341,0.257154395356529,0.314964402008754,0.354004530007066,0.340265520509816,0.309280856157796,0.41480913097491,0.464712313792656,0.345541939558022,0.388285607834812,0.141755168431006
"md53",0.524268209568186,0.501565259471802,0.519188703077678,0.407418265099663,0.523528227404403,0.498199829752861,0.379272749304425,0.552306216148669,0.562236843380209,0.618228603090112,0.555584607679889,0.469248267082656
"md54",-0.00959351720588614,-0.00678781922452652,0.109432267106308,0.416230690862453,0.586505367932525,0.464862038513458,0.391623126661053,0.497347648866354,0.469792651897568,0.551574898722218,0.314189766156863,0.0371646344360245
"md55",0.293510774301197,0.329920358429699,0.413363844339073,0.447354071437561,0.728672481716907,0.549341763166625,0.612018029171865,0.419521338945677,0.622028325298142,0.533184261602649,0.386161626885799,0.324335348069714
"md56",0.45601419230354,0.399032838359196,0.468710957550399,0.394369467058982,0.456941251480359,0.507916405012172,0.34514182468785,0.401324844996332,0.458174682237446,0.557160006765097,0.513470631464357,0.464955101820744
"md57",0.0760252216668855,0.0827628063859023,0.185337137963624,0.309153863720055,0.571504308958174,0.412664082165337,0.283202165452977,0.416440760885541,0.412902597661434,0.499157582798145,0.260597379640793,0.0959944121297532
"md58",0.0892289676086406,0.0927958234563085,0.30527160259102,0.29119245574577,0.306826682982667,0.327342952136144,0.312735944189341,0.431921846269,0.466044715606471,0.337074564334859,0.317305747261404,0.0634564150929196
"md59",0.379222856867234,0.37626202818042,0.429132829276453,0.352296945668972,0.45976479712356,0.541747776457246,0.378097214399261,0.400731750731543,0.608896392604745,0.577958981049598,0.475096266827699,0.421330348657335
"md60",0.296959384120942,0.287720678695371,0.248973978251008,0.398177033785922,0.465486853608489,0.518118344807649,0.518445916252668,0.434298715741262,0.524915296512114,0.356157537698636,0.4766030339641,0.180009811221671
"md61",0.159516429146206,0.169866359728608,0.177934462946894,0.208833736876969,0.173090054372649,0.170445974189533,0.156679987165603,0.184509790254776,0.118933515018839,0.250235637811639,0.232638398255121,0.186549817931174
"md63",0.258670750588479,0.256180259222941,0.297516509162705,0.357728888982438,0.424665192767719,0.470162160083837,0.41908183118556,0.529510152430654,0.539410869830762,0.551851901207882,0.410306310984184,0.237989985381886
"md64",0.000127859257754104,0.0001996255300402,0.0243324718528674,0.346557218935446,0.604267963579948,0.436538943685246,0.413498046436899,0.48763986795527,0.47527764547757,0.576966213982357,0.219204854853136,0.0179201751631353
"md65",0.219684850647051,0.241965758917653,0.323158383555237,0.448169223382144,0.461512151285525,0.406539642743421,0.284193987169077,0.359147423356056,0.408074428702838,0.462182749625486,0.429607534279118,0.293766168672089
"md66",0.386156498062719,0.274821758476545,0.267435580561911,0.35873109709507,0.261428915570263,0.281157082342074,0.145101816223412,0.150713391009983,0.188773101254975,0.155637718118804,0.283581639980496,0.343979251495547
"md67",0.247378871849221,0.262054026357773,0.348763687296747,0.387300316772255,0.561799351338872,0.435623102224032,0.423865259487043,0.50320424171602,0.503837181554145,0.578519408908248,0.439881055402852,0.306090799079234
"md69",0.12669644269133,0.151535500585996,0.314792280122086,0.33118523345988,0.22568600706454,0.287239294763237,0.29455498521357,0.250676026772515,0.386227381582939,0.260751430775353,0.308805206075032,0.113476009316956
"md70",0.168767270942746,0.179189442293175,0.155266965335749,0.139434151576825,0.177591657638017,0.203821879476577,0.163220980884767,0.136558485574175,0.134628546856708,0.0898866953411889,0.220157247448752,0.177841165071161
"md71",0.454862185621059,0.447780773962053,0.462512266626401,0.355063168876919,0.548249328644486,0.431815698485653,0.481916912476536,0.545142682358518,0.51469899413525,0.625152187851909,0.520343992950705,0.438920657069132
"md72",0.134115504955555,0.128774232353048,0.15298283999714,0.135520678183203,0.270052070369632,0.227920163044972,0.190481558807833,0.164253646687981,0.200118144811954,0.261002102207885,0.176166032212918,0.145561820667924
"md74",0.167407225086746,0.181767212802754,0.244133781839239,0.296737853488234,0.440685929196857,0.402918744190541,0.332956607168062,0.367111696531774,0.352753303638397,0.48709768490908,0.456724456952031,0.234169554552466
"md75",0.241950300940657,0.235913924203211,0.281014253563887,0.258709632957424,0.278071068701321,0.349437919329904,0.393819165013265,0.354280108311125,0.408060879546723,0.362287907975834,0.336262346240721,0.261446331994962
"md76",0.215594927244618,0.266304301043412,0.224156069521654,0.216598512617636,0.30373335331918,0.375610579236471,0.434607008607134,0.281506416767357,0.346492975527698,0.148732729579788,0.280423899063214,0.23087021938411
"md77",0.255845426530531,0.280037130230658,0.235366218480632,0.328367664653499,0.434047383878329,0.496418472608522,0.538271682417605,0.406650424673702,0.442746166033111,0.201502041015921,0.420947255028018,0.291421219174023
"md78",0.290652623504036,0.366403126080834,0.442750613590149,0.468954448289138,0.557001013322001,0.50801771013783,0.555016134842543,0.495483988370718,0.528075745705686,0.608333114104241,0.450354281382166,0.348071612977055
"md79",0.189976390948348,0.246018704608409,0.393378103323563,0.534498726194064,0.516279758533089,0.461160497487105,0.370231555589072,0.441840462896417,0.494840230882591,0.535402209183609,0.517526871432145,0.286648328006014
"md80",0.432897037206914,0.452392838365826,0.435655585024209,0.37972796968909,0.468669662161111,0.411309082718384,0.414887282937522,0.294025643138399,0.461635875058687,0.602358562556205,0.53979071620284,0.455812338620657
"md81",0.147911921934094,0.218042002345298,0.346544174365905,0.444509464056351,0.547734879158029,0.462039313418086,0.571300939674866,0.466654031748585,0.438858824472836,0.464233630941449,0.329726956452499,0.176155512224878
"md82",0.488698944105052,0.471713709406346,0.512359399164787,0.385480843544541,0.560697009704436,0.474499235057608,0.462169577078057,0.572048960932618,0.488916850251998,0.623913143564372,0.54049638864361,0.477180943864489
"md83",0.175638246080191,0.154536712105629,0.111053190591798,0.129076400371247,0.0462772273216805,-0.0186822616049023,-0.00106179004075335,-0.0146535018958166,-0.162086903249314,0.175938370717316,0.546307435959747,0.208354826212868
"md84",0.182982710598846,0.18782917256716,0.261944861734375,0.355855990742302,0.404061761179657,0.353469763443925,0.185728229632064,0.190497097713284,0.295665448070754,0.493484113978055,0.486502123173871,0.269783387302324
"md85",0.219239428705918,0.25160321422467,0.351829987601154,0.410428126673693,0.511182879744036,0.3788135801569,0.25487770800666,0.279530608147807,0.362899224049805,0.513753201792361,0.388468788576395,0.262716457257136
"md86",0.257743935681018,0.311352746736582,0.394907728905728,0.488103663488175,0.601646358582129,0.594448791410469,0.442637694407604,0.453457355786737,0.60391899514012,0.655829281871629,0.472260554577753,0.313356987853931
"md87",0.0426812728090322,0.0146642065358916,0.0699996972055847,0.153181854675316,0.133455160590523,0.147997155701956,0.041777501040788,0.0238787344426127,0.137476366658553,0.255752419604649,0.257696830085567,0.0803436387882308
"md88",0.1505075746896,0.157354125671616,0.283161570812791,0.279510833760006,0.385707383522225,0.154394639042638,0.123356196251072,0.235546942115669,0.17280842802566,0.326592708020103,0.386719963119549,0.17653048307399
"md89",0.193698934533183,0.249813259600829,0.336519360976527,0.289042843835383,0.2553967780287,0.340467078262364,0.391057520938869,0.345094434971714,0.45455716340984,0.293783121713471,0.424083229241032,0.143434854195231
"md90",0.36765938918849,0.298972439196857,0.35725475528444,0.339596531752877,0.555667164508922,0.472715416208975,0.45099752954327,0.376245587332315,0.495104954220581,0.574671970066493,0.490936199828047,0.331473271535766
"md91",0.00555761316147973,0.0555167723535517,0.09536644781521,0.141727891785965,0.123528165561671,0.137960004132332,0.17785552292703,0.0934962033305499,0.090940401546599,0.0684218902997341,0.0759633776237827,0.033558713507911
"md92",0.28201503197766,0.309495909913205,0.242973000858768,0.324625737134087,0.463723689111124,0.568299667365254,0.563358154598916,0.402426056486079,0.627233722241548,0.382342467147494,0.470117943178993,0.298300439750931
"md93",0.218886683320841,0.210792064483067,0.189861786474229,0.173568609616153,0.219678170717653,0.269525671098759,0.273538714322442,0.213889400513326,0.244605557064867,0.189438035200616,0.334996979422507,0.244254388293211
"md95",-9.05577220349095e-05,0.00268804689009507,0.0857344108033263,0.11326158709957,0.0346290213430467,0.0322323963094906,0.00493951397108928,0.00431619993107666,0.00931650317195159,-0.0527207147555119,0.132789112679301,0.0245782605014055
"md96",0.349491548977971,0.320691698999587,0.37460964921,0.315544811958915,0.545703309171,0.356484956074373,0.523814494290518,0.49396072072366,0.523506895763394,0.60234216858443,0.504343902604856,0.314604662037061
"md97",0.199300138644081,0.20500298110079,0.314446201303996,0.438997445134878,0.577687778611932,0.485973812396981,0.278708147459732,0.536574370986849,0.536387092328728,0.593052927474991,0.452476350096004,0.245386318398044
"md99",0.457456903973207,0.430290211275368,0.479272859405734,0.347575091355318,0.597848216305727,0.469092498944885,0.504370320692023,0.601742262776229,0.522352032599007,0.613585002761343,0.481113015347153,0.427619303312239
"md100",0.13892476338492,0.189357764619538,0.31251497953919,0.206046309901867,0.122620282790942,0.265339446673732,0.52367256561339,0.370845587205598,0.530883508521034,0.347503356576953,0.408809852616374,0.0645936642605811
"md101",0.154299084140257,0.178753655198146,0.232380433466171,0.40728100019713,0.512530818158454,0.513280553101808,0.397369739270649,0.491940423056558,0.482128278376153,0.566278170264034,0.455435706913734,0.23730439803616
"md102",0.201057513295415,0.192593672796179,0.24059463340932,0.37059317936865,0.389553372421343,0.269934060724844,0.197817359558263,0.274711413743463,0.288960142944563,0.366963805281292,0.294142731929131,0.249276321231265
"md104",0.0607533252934307,0.055469052126737,0.110075202896353,0.115101769779278,0.0948632979992837,0.128175508754813,-0.0531258672046315,-0.00152055891579281,0.0710894447432849,0.301099086013669,0.23002095055965,0.0968529715516545
"md105",0.47343891938147,0.448026432735122,0.554345621096669,0.493053260877701,0.591016091942871,0.565718134079915,0.63173639522384,0.579683112221787,0.60681243409909,0.677800681801518,0.576723388284144,0.4911332086147
"md106",0.218077977836868,0.222278905213269,0.316917196035271,0.414448369260272,0.548127822014644,0.495479063525098,0.377179174624375,0.455714366761532,0.490381645738329,0.545515555272747,0.420048768361492,0.242391875837676
"md107",0.016604857365565,0.00870538135567976,0.0219530618195335,0.147822777014841,0.321862530508487,0.156688396225064,0.104817705290168,-0.0401413092365452,0.0635642006921954,0.393157617358691,0.249935305578501,0.0358314711875402
"md108",0.405485441665126,0.279821449931666,0.35046854414643,0.293670016546749,0.153636476418996,0.136098913158847,0.158625972293917,0.125605788644913,0.416892241502611,0.271309670580706,0.518197927159657,0.449823233740291
"md109",0.262088800222482,0.231697419930578,0.222985118997749,0.264091354919767,0.297011364379574,0.338918034808149,0.342820882413198,0.286119914569598,0.345337173205329,0.39573670812714,0.305984002379595,0.285593981206554
"md110",0.378325722658582,0.263576631092492,0.354021846927059,0.37734116795813,0.402736361340658,0.289632692553596,0.203465258846772,0.218405919541562,0.251036213080582,0.196749763694685,0.235087089138096,0.216150412473775
"md111",0.250463829692285,0.294333986080387,0.446983496765753,0.5311694929386,0.612482022260134,0.601932124263602,0.463444370594186,0.559031529161,0.610693481462403,0.691944633583417,0.523580497627003,0.250404421620528
"md113",0.0412528284011119,0.0439909047495562,0.0715144412049936,0.136800505673162,0.252431487696342,0.0287217560659676,0.0881117693562671,-0.0301944809135946,0.0680330411664021,0.11196320800784,0.144012177379319,0.0340070453478492
"md114",0.196813864096209,0.147824282715477,0.122140534599687,0.0388958136118169,0.0576822815076486,0.107322147967391,0.127746386571205,-0.109981128115089,-0.0125899275688925,0.293634230462737,0.339599458507992,0.111595178578871
"md115",0.00342035852198774,0.00251972729960363,0.0276101728653277,0.103189393338664,0.573749580598565,0.314644561019422,0.199067781509691,0.284911537552922,0.210911312745386,0.357254116637371,0.129445579573117,0.0242651881511746
"md116",0.0873059883571721,0.0919942005628428,0.171236654634824,0.199798044379089,0.1820856694677,0.120893359542825,-0.0650420813176516,0.0471301244175737,0.100545111902208,0.35504834852866,0.259638549192823,0.161061314411865
"md117",0.0840948746732294,0.0699497466948036,0.179231038506647,0.174471347004793,0.26920500877879,0.141444393551381,-0.0768875893360451,0.0451587739586485,0.147871501728657,0.26418260674305,0.175852063271228,0.0484342004075225
"md118",0.13385094485293,0.15328633196894,0.228476899803729,0.443547106774235,0.521755998734317,0.517097197403486,0.395008589480355,0.509504854744526,0.536801246997975,0.600912089026584,0.476131068130434,0.183114793329727
"md119",0.126424514119431,0.123105469046599,0.274149240467563,0.24061919846526,0.375355523888282,0.227806178338897,0.0831432223059485,0.0870050658453999,0.192270741194903,0.378400935194408,0.297187336728337,0.142595858534424
"md120",0.354518290134038,0.361524727841627,0.462785918886335,0.494758386942351,0.50649081052371,0.516704855915947,0.500188055973543,0.54810460397093,0.523646780440552,0.577507530708919,0.530844321103307,0.435804335163339
"md121",0.267154879430059,0.2626655556575,0.400507195138542,0.395046411831172,0.492442506828382,0.426912239164,0.368254829706988,0.39412836798695,0.495040275352791,0.566868267919868,0.410286908192885,0.283317178692063
"md122",0.118883350067827,0.130777184304354,0.130336120756798,0.165863934393672,0.123102931560053,0.123712508993133,0.0941940631770656,0.10057482954984,0.117296478811316,0.127469537897182,0.170476960458244,0.134738061750876
"md123",0.345058530860542,0.39069941229682,0.470453261383698,0.497218989400548,0.537211491011409,0.533149653685421,0.557364617912959,0.604610594384891,0.546449376093157,0.583587006006358,0.534652061466162,0.428378694035326
"md124",0.0535235372117159,0.091542327961487,0.259612939335875,0.449428950377522,0.577832850754772,0.438282778114791,0.37896221990129,0.470346909659338,0.468023029313194,0.52660510719156,0.445506713852714,0.197866012969339
"md125",0.165187537980024,0.17957462226962,0.347920610302927,0.362261486466291,0.377523856078374,0.373124713897547,0.141565891977928,0.309966864747541,0.39072141770044,0.541362242431525,0.419578069336649,0.266676442860882
"md126",0.122917978153471,0.077095489541772,0.216044950257006,0.258593727972103,0.258840032176582,0.0898548963952976,0.0288612773140777,0.0760040607000137,0.172512495634096,0.31305924150337,0.250509116370057,0.086070620094754
"md127",0.262832263659818,0.314706630719653,0.402464024515028,0.46789071558488,0.598978833894175,0.507319424547754,0.433131608516405,0.528788094713143,0.558928188505692,0.632919817260216,0.451915563976125,0.315278836865909
"md128",0.133587817167791,0.202976394547815,0.342103582942728,0.518963374806504,0.544749491065108,0.393915712385213,0.343933152115301,0.384929499446726,0.428491955789747,0.513240709677221,0.416069672061717,0.250351700815476
"md129",0.176984609062071,0.171920421873857,0.164639636914456,0.20040919974021,0.228094758611696,0.279520488065967,0.199236594094755,0.159233809330756,0.234466671317466,0.105962672208001,0.239121760827789,0.11780521602542
"md130",0.303569991649036,0.262344526568055,0.397979910365056,0.320099590697677,0.590811014962037,0.573425851251125,0.610128042235435,0.596601850895593,0.608855814407685,0.560790913946667,0.411533839565947,0.319556108942759
"md131",0.246519784962701,0.3064866094902,0.390603230986691,0.458981004208363,0.596324048189083,0.546633413064483,0.435854646697646,0.548494123662775,0.592909250861231,0.655177799725509,0.463525417456816,0.282253946055597
"md132",-0.00271623640428558,0.0500293301669287,0.0350193294611743,0.0150702551301878,0.0101703818352632,0.045837975519553,0.107492512020328,-0.0484921807873935,-0.0401568013299823,0.042908812702896,0.125013952900948,0.0365064554688358
"md133",0.223802900275807,0.256438951261884,0.368781898431494,0.433409003947137,0.447303393076979,0.386522811414131,0.319940246086891,0.385885983504638,0.397896945455128,0.527538995366207,0.404169507859709,0.24590878205792
"md134",0.55396687707228,0.439538116151445,0.510736263104186,0.603850026414765,0.520430552402433,0.413693269057998,0.282502545120623,0.291465825703556,0.339277909339481,0.302286557738458,0.579495955741853,0.558138620102312
"md135",0.235556373729515,0.198480480498657,0.354424460750234,0.263834076632158,0.561302532007082,0.319505767768773,0.490622397009675,0.421969779959191,0.427875313979992,0.522457441442331,0.375739506206967,0.282151187027309
"md137",0.018662940505203,0.0267087798069198,0.0378676378800808,0.0266221187996108,0.0959941635585938,0.0486112992997299,-0.0765515779834455,-0.0239252730840684,-0.0794636894809312,0.153867015272048,0.161877660016426,0.047789269438765
"md138",0.277568663677261,0.238489930393799,0.398514481577535,0.34307713116653,0.387150548492471,0.454876065931398,0.359454879537157,0.422224887365979,0.478267402878049,0.36805402119903,0.352847309301792,0.257277842735238
"md139",0.188624487242734,0.250368008817527,0.319166435701765,0.486001958197004,0.597656340176647,0.544155538959943,0.343715880354181,0.510932714666168,0.54974736581595,0.625622240045702,0.511946588902769,0.261633285161316
"md140",0.104606143200056,0.0741479155686369,0.136420430557588,0.238703529091807,0.356622555689697,0.257040648929357,0.208803507441123,0.299718163665361,0.342012618761025,0.447003985819621,0.2883741978893,0.145144527130168
"md141",0.460486606562168,0.409373862222296,0.452507325041856,0.370049186436594,0.537517926304425,0.623116164937129,0.619207179131233,0.634587205009473,0.661696709067472,0.656490266628953,0.589859179024886,0.428970297510783
"md142",0.216331479024457,0.295529591271929,0.38252093523803,0.483724890176527,0.545241585128635,0.475065622533795,0.3942517887798,0.549037283827795,0.545437787287085,0.575237640589943,0.498519265385894,0.32791189576899
"md143",-0.012625194017967,0.0572172495715596,0.0868473919866346,0.0829466723634697,0.0759361169506426,0.0782890929262068,0.105809975114276,0.0310556251153315,-0.0031197668708599,0.0609829216432685,0.105077132493158,0.0509286229346678
"md144",0.0887863694414273,0.0584028546638333,0.0491798170329467,0.11115110717474,0.103981298896017,-0.0767872599652229,-0.00208824237900518,-0.369074357038021,-0.0306434375879461,0.0416685483589268,0.20110118769052,0.102931100252144
"md145",0.171393477364997,0.178498203538302,0.186022227220073,0.245627306678508,0.379535721292328,0.236252626458,0.196417820409431,0.172531144375892,0.237073991612073,0.362182922057179,0.325587174392872,0.219991231278403
"md146",0.200127733033189,0.184303011779545,0.19031467897732,0.210061569825423,0.221188989233337,0.241977333125345,0.184932447236444,0.154995089050178,0.197774527670303,0.0886506195380668,0.210280726186216,0.147800335569876
"md147",0.085256746203422,0.0511205394728975,0.17887308720157,0.214019216547398,0.338221661508142,0.121317641192463,-0.069350207842747,-0.00221068522841098,0.0739217422725756,0.343518159049121,0.172898979263752,0.052655130277789
"md148",0.24447000409345,0.141127266297115,0.26711577510784,0.301460055375064,0.189619597852765,0.233731613025479,0.158290067810176,0.15017036790812,0.194302760571571,0.149410200185206,0.275322548009069,0.189945887897109
"md149",0.252945815106647,0.292998630027865,0.353334985210765,0.465340453843149,0.445544748257243,0.513443935340151,0.397477038538118,0.445770202878966,0.451873664744186,0.435578760857907,0.424572750724293,0.276831667085333
"md150",0.317037247729505,0.260022433237661,0.312064216780269,0.309757952952295,0.203361083766646,0.209060742943565,0.214442992792636,0.214714444872792,0.350649904829821,0.251488013506379,0.330517159903445,0.307812557095175
"md151",0.265096481513935,0.282331008492654,0.367246381844632,0.365015253905181,0.482177284031582,0.694450328584819,0.553673386179409,0.352856264940291,0.432345261448317,0.24720738934286,0.395791387181364,0.297873569990147
"md152",0.306258895907928,0.297844096174303,0.359742561603092,0.416914370766478,0.443191273080937,0.403732911537553,0.283721291821217,0.383821171624539,0.44079433895627,0.470398033656011,0.417457482351582,0.33990329057649
"md153",0.344791218868779,0.383785565095148,0.44655269478549,0.398751926718428,0.556156573936989,0.630468102036651,0.711586478412101,0.547591891302241,0.637044709677067,0.645686387101393,0.492648527306653,0.389505975665042
"md154",0.135192361385105,0.189056878456837,0.196806391277653,0.210419595404949,0.0851308301564251,0.0361452960070359,0.0644995474893409,0.013104852574622,0.0792534666439234,0.0934323661773972,0.214401533155749,0.110749907720473
"md155",0.422990082805917,0.524459286306204,0.474872825442886,0.357428609427578,0.495653845945061,0.526069223702894,0.691575650784064,0.544703114566425,0.589380164599055,0.535364567152357,0.515923126984473,0.439990715028919
"md156",0.163764407132824,0.227286997015788,0.362829023942603,0.37070552698955,0.428317606737826,0.360165846360765,0.196539521092735,0.286421534767404,0.294003778017676,0.476331846911133,0.358860330587471,0.257514438493212
"lg1",0.108177459870814,0.11046975383619,0.206645101403397,0.201582514015129,0.249270200312803,0.0761610861105387,-0.0539720348377122,0.0651708325794149,0.166163059799949,0.359163147696963,0.284239211500731,0.134697668951385
"lg2",0.259230445228725,0.302752277412828,0.310673574902895,0.230597458827147,0.192471391919495,0.367024336772924,0.374537177570357,0.270286978289956,0.359837392927593,0.33539415999068,0.396079369692992,0.314523476513989
"lg3",0.146721118609799,0.138383138251511,0.210396105526093,0.4109205196347,0.449547644506537,0.337511637809649,0.110550279819987,0.237309813601482,0.36827666464073,0.634301706202996,0.449912402206982,0.194317565919509
"lg4",0.120319530398943,0.12559351934672,0.127254955058449,0.152983606959516,0.236950395892289,0.0685934399019926,-0.0162796552671388,0.0784655061080621,0.0527128863524229,0.208600622581382,0.325671028792422,0.174976087956441
"lg6",0.00102757025910432,0.10470452254492,0.311247116298321,0.245151231724628,0.175941661665819,0.302310736110421,0.505794104483896,0.342614005041166,0.490414112476273,0.326098014561507,0.331801222295754,0.0435464499656956
"lg7",0.224920061888799,0.242757664148806,0.418571151394545,0.301143078518506,0.4012018031313,0.441855759699707,0.116140196754552,0.103839845508081,0.195372774141837,0.513184451600792,0.316848572266457,0.24967263055744
"lg8",0,0,0.0330312140262942,0.357490877016843,0.627210774179411,0.52104194919414,0.454584936170671,0.541379241004259,0.530500716369264,0.557109220289684,0.176639408400993,0.0224773236270705
"lg9",0.524693053846827,0.368132163270774,0.405000537548158,0.455323449951128,0.427923705844506,0.346771780838196,0.240464934990031,0.237800053626167,0.206346615952095,0.210223909114677,0.503520770088617,0.449112723137167
"lg10",0,0,0.0364524733259983,0.210503785004996,0.115678989553688,0.192068922969482,0.403024602071866,0.369681143146272,0.544052893642107,0.371762364477131,0.160461123940883,0.000322156727653168
"lg11",0.251233851718153,0.29333202842468,0.385222981574822,0.414265604664007,0.57117685601374,0.528858086676994,0.439676388647625,0.538659256331611,0.532484646734547,0.576683841864145,0.429996553448243,0.283781482102014
"lg12",0.169588854853947,0.179532489251789,0.176312683087314,0.220477457600588,0.197768085304848,0.15637873700359,0.234218813577074,0.104779380171737,0.299225721728493,0.0865953059096881,0.220205913258019,0.127659726550626
"lg13",0.226999711653726,0.168431143887502,0.246302259047622,0.350098802983935,0.258798423072576,0.325438536916455,0.248439968236088,0.207357260635034,0.278200923062135,0.202707025391987,0.29415035877788,0.21405864552812
"lg15",0.28881241258135,0.345169575343242,0.435334574540009,0.429859582295353,0.651703360765032,0.442587106838461,0.500508219594374,0.514888501609461,0.627191892842954,0.731737913704045,0.444574007646683,0.331972784012852
"lg16",0.178833178386764,0.246554521756056,0.359685023143047,0.526270063631649,0.565863429947844,0.462196089198846,0.296479363765553,0.430786677104278,0.509690676504883,0.552898562596055,0.505994757273368,0.316412362230001
"lg17",0.206447812515074,0.229707320940817,0.27150617570805,0.287512134377471,0.410292520133926,0.463931864988858,0.411860723534914,0.32040849029585,0.34831983155525,0.195539417218081,0.341045946950874,0.196631785658074
"lg18",0.315816581872742,0.380640007255016,0.397686689885235,0.289901831255906,0.277201749360782,0.520808664034882,0.632852445729371,0.363331103433622,0.536389476546778,0.344750012061752,0.448068319884927,0.389622559268752
"lg19",0.465016149884755,0.420077228760985,0.466813695948532,0.378804828054555,0.556452348334295,0.592380128257678,0.62079083657581,0.668758019244457,0.652011574080439,0.673910457141528,0.598859913477061,0.435546288227921
"lg20",0.243832832625905,0.287344591351716,0.381873848842076,0.360604871869876,0.533458528706565,0.44028904976982,0.461567268761928,0.434006751692433,0.558392173762803,0.562289725466562,0.379292267895867,0.273604436195979
"lg22",0.184356827838681,0.196108337326189,0.231318535347582,0.348966381857714,0.503793618459722,0.413965946238804,0.372549440820482,0.378630366231688,0.369262241606498,0.496985506032638,0.409857110051079,0.232421486953363
"lg23",0.355115326530696,0.283880214646506,0.468890923831884,0.269673996069116,0.566513814652151,0.557674083796052,0.645904594073294,0.43108002796969,0.639679644172183,0.572213258628694,0.453975136945634,0.395315786395052
"lg24",0.301632237148773,0.323059141635069,0.390691851805141,0.353634009470381,0.530533065983054,0.470525257643534,0.625844184443189,0.443823926417132,0.489404077379093,0.55706996973454,0.339817324154991,0.305204800021582
"lg25",0.150310842061243,0.197534056443136,0.293840486917024,0.357596230318813,0.455464440383409,0.350527290793487,0.29135840411885,0.385239923791812,0.355870358895818,0.423907258789828,0.329881195195272,0.229607398725136
"lg26",0.218646941872911,0.257265839446873,0.376057033821929,0.36096692933708,0.29200596662061,0.478635404908146,0.293631052830872,0.24731431468954,0.290846828140639,0.394338192829551,0.333578333111684,0.267869677543598
"lg27",0.262334516567893,0.290570498700287,0.400243596725568,0.36851261796521,0.609950638583308,0.497801418382919,0.319890569369535,0.486071272244302,0.473954177661963,0.584444302253467,0.403595481211079,0.272147894351728
"lg28",0.155159049035459,0.166572061849116,0.157145887274243,0.168269723003411,0.169072920544485,0.200686842192565,0.196182331247264,0.119885647326166,0.141689720582296,0.110604063352348,0.233450584340819,0.162998482319499
"lg29",0.183606254556033,0.207479513959106,0.332800471609715,0.306825455894331,0.37805790048966,0.143704682990252,0.20129723194226,0.135815764058682,0.431260903654682,0.333367893486301,0.28273424719991,0.208522776772794
"lg30",0.149009869959681,0.217560166416905,0.175829094627728,0.180761132256684,0.189600144006476,0.224802899361908,0.258929193744555,0.101977188310216,0.175174729547319,0.251920464137382,0.288806804500779,0.145719906593619
"lg31",0.007132175744081,0.00659656148683285,0.00806007892570449,0.0235642860006037,0.265430340797883,0.0283035628812587,0.181393342339395,-0.0157573281125308,0.216784746534698,0.083713888653722,0.0804313708709875,0.0146030427078136
"lg32",0.219999556370554,0.224069162454693,0.231585251645941,0.260058322975397,0.29847879492175,0.324883171129604,0.396066783808926,0.309168778378062,0.463818557137791,0.328610224808813,0.332813834084108,0.231870988805055
"lg33",0.0287618846866079,0.0542898593377257,0.128253912094095,0.157164745675937,0.0574585697373317,0.0434187532306243,0.0387543864372052,-0.00197446309856551,0.2203897331276,0.053870552148866,0.000849155847643355,0.0577855549264855
"lg34",0.403216986249356,0.390545230461758,0.436252854312391,0.351276635859609,0.469629413071755,0.467481237567481,0.391832577539456,0.383376163576742,0.605790388215634,0.598762851921378,0.493734823591185,0.423887303192214
"lg35",0.200881967976339,0.193940507029676,0.339422590317278,0.428356785792619,0.561003297204045,0.571433007792634,0.513321537889606,0.518386395836159,0.568122752797156,0.615433295368601,0.460178587224243,0.274440954612464
"lg36",0.430167083174735,0.317390835256778,0.324894684843,0.226544892422044,0.368542972468726,0.401153295798867,0.383116945433008,0.364635094178121,0.587461769094293,0.440139107799572,0.473916883523415,0.416142547613476
"lg37",0.050332977200612,0.0195148473055434,0.0313991274532499,0.066324577920856,0.0363065177848133,0.0447263093890491,0.0406410369501254,0.0355221473662382,0.0174302305945654,0.0431809990495919,0.0942754192489629,0.124847063280405
"lg38",0.000775591690418616,-0.0144770939354468,0.0691026663383452,0.136946747540505,0.235314820368967,0.0524717377001937,-0.0243263390475793,0.0611750794882884,0.0104875470760016,0.303347777775899,0.137792780256983,0.0592799701482209
"lg39",0.0959234468316839,0.22195122116331,0.097060797302093,0.0580188524604284,0.106320608795128,0.15471159797815,0.107368853393033,0.135259745520914,0.140348997567035,0.135056110355762,0.102186775569877,0.0907836793491454
"lg40",0.0542370340719232,0.0799064330881808,0.139588290688474,0.117478605706975,0.0889364975443752,0.0988862686485509,0.258782209629246,-0.0620176933348692,0.0636975984800014,0.198883166020128,0.22284257947136,0.0474304951885937
"lg41",0.0406350274802355,0.0556412114360129,0.0931496054134626,0.0584931361825186,0.13161296813147,0.11089981228443,-0.0490778298031013,0.032996581156834,0.0144890783604269,0.232387626084392,0.177966780763045,0.0686269367311085
"lg42",0.017832802041544,0.0190730896488254,0.0207610295471533,0.0219166870289506,0.0112371519930185,-0.0133545854484765,-0.0411582715669732,-0.00989043842350417,-0.0188442833206025,-0.0112700453961177,-0.0074453170752393,0.0052594515765875
"lg43",0.140775994802402,0.181835170934204,0.302635939314807,0.437619866250667,0.478611044047436,0.38455227330425,0.289800412211124,0.354988747343591,0.424443140889755,0.525067996491654,0.409559935206967,0.217683170005079
"lg44",0.191209039061044,0.19943095835492,0.279755107958359,0.344610467237955,0.438567815294714,0.381054902261746,0.2525079741331,0.322521584206323,0.350123624613602,0.469906654480552,0.339491059169506,0.257035112147149
"lg45",0.338800248965078,0.27687359737863,0.232845133485982,0.241041069338174,0.225720376673393,0.29249202416514,0.347437645422424,0.284645683683742,0.433185197934877,0.347333699218969,0.419570221114813,0.281146687714891
"lg46",0.3500204782108,0.220211237457946,0.235830819936313,0.232328729977326,0.126873387303609,0.236787687923883,0.231401170550797,0.205439102600045,0.360499578271294,0.371847143289968,0.397816077798596,0.476307936352038
"lg47",0.142827182032466,0.190140075709018,0.285044821283829,0.398280687639518,0.514583183254541,0.387201120882666,0.369655850631966,0.429364536087497,0.398506822394295,0.47388731387758,0.359455395628228,0.234183965550858
"lg48",0.31451093760551,0.342402158212837,0.343603230220757,0.307834131052596,0.275131546988521,0.256171884235743,0.387068166964955,0.305794414774919,0.370664879415885,0.294783770602075,0.43448606395628,0.392780468285423
"lg49",0.0137972338635648,0.0734420640914976,0.0861117060217535,0.0674736701353009,0.238205427398292,0.182051252896291,-0.104483000057546,-0.0393778518682519,-0.0928693898223937,0.189245146626536,0.190905612759861,-0.0087882136395234
"lg50",0.401575877466902,0.382782756155641,0.387987564204123,0.375867040362999,0.537849892269169,0.513874814697112,0.433151476347354,0.478071365514562,0.780169631669166,0.4287615014679,0.503766038509402,0.346083928378821
"lg51",0.246027213346599,0.256251232359171,0.258673849165462,0.271207306314738,0.334445546756009,0.414771051478892,0.320373314181257,0.251421952701656,0.334852097209354,0.277270627608708,0.36272963187827,0.29048651545169
"lg52",0.100847394472678,0.0744981729538373,0.125674627354891,0.0801256459018016,0.223309116012879,0.123990101043534,0.301280236673161,0.145599204921163,0.292001287097857,0.115252550255518,0.155633918495323,0.130538733285765
"lg53",0.181903092603972,0.165807099851818,0.138859337335201,0.0892952264740867,0.189258239834806,0.0978071374995518,-0.0552874730670758,0.0136268849594598,0.0256002584746795,0.132173852843706,0.154303352032389,0.167104913648327
"lg54",0.0466296623707854,0.0634525967041814,0.10131881606608,0.0671438173013413,0.150479535229034,0.141794469763456,-0.0383739235238272,0.0134099584665755,0.0713658560234698,0.315349141368857,0.179461175426136,-0.0179484136193644
"lg55",0.162457046463254,0.158097841533578,0.234917355692582,0.24721342608228,0.116031936959187,0.11364681114427,0.0879945900429049,0.0352604197085495,0.259639672931764,0.142273303195736,0.119463889619482,0.155764780885991
"lg56",-1.3824657909426e-18,-2.93343304053751e-19,0.0875047961595014,0.460280219653715,0.415729299675663,0.406150514119036,0.39340004937588,0.499411797720221,0.532658570262557,0.333592767046006,0.275645308271015,0.00173246516693481
"lg57",0.132157586314902,0.170261944172619,0.265860198132269,0.194024803790074,0.196595235976254,0.403347907468865,0.483066125401311,0.372967567428349,0.500765489563384,0.228983347912655,0.338244001637135,0.101360506364524
"lg58",0.816551201212322,0.547538030592069,0.619711545818361,0.390022927912754,0.4972749380343,0.823413515505791,0.603531697401204,0.800197825277439,0.844896901644394,0.566240127393868,0.605982656630543,0.492261042294174
"lg59",0.266608102528509,0.26314277243516,0.356680869566137,0.301099476884877,0.469731673988154,0.393408208371339,0.409306679184326,0.397218372648599,0.396367294061145,0.452347208595551,0.351642064262305,0.338238106190657
"lg60",0.412189347358776,0.303614190662313,0.340336254972122,0.501573951187024,0.513835345626384,0.326775319851283,0.297166895386543,0.324450831795325,0.302380992866295,0.308345065546724,0.479764670816396,0.345832902319533
"lg61",0.179776170887156,0.200535777499203,0.240006545209314,0.227977475110235,0.152417005913536,0.162510977285211,0.202644255056727,-0.0472280933414058,0.102678883172171,0.277135296777841,0.328930823984657,0.158989653130678
"lg62",0.109825668182053,0.147599379040867,0.203987969992595,0.213442877041307,0.295040918174571,0.345044188655015,0.284772161322258,0.334967622259543,0.353910309302172,0.422599085657185,0.245841997632864,0.0801520654057222
"lg63",0.322464432849163,0.265464307252225,0.29923359804319,0.398651590829276,0.49789190988875,0.537741067935071,0.47213736932549,0.394400289800204,0.599868093775387,0.387094469795902,0.427838534205713,0.329161656882037
"lg64",0.0361827806429893,0.0780274545975212,0.200713943123735,0.31498143570294,0.412941491682278,0.267435328634886,0.180175244043644,0.201278352218104,0.218284894201711,0.375586962423306,0.230607099077099,0.10396815889028
"lg65",0.177625353184057,0.172719940650529,0.277476143579806,0.348568964215163,0.519017734652457,0.443087625209057,0.286509065780672,0.274412123014782,0.298420655353708,0.45769416214832,0.339276862603119,0.195901646161651
"lg66",0.256872012755087,0.288033504090785,0.365420358854478,0.358842114300389,0.585665871527434,0.617073765961125,0.569108979413315,0.582203453376911,0.596227498114712,0.588431473560571,0.463436470578972,0.320286355808396
"lg67",0.0339154817505904,0.0177884753506229,0.0929708692656074,0.148735338871042,0.275984422751821,0.117142361116511,0.0282012072376005,0.11841887273448,0.0677110094249666,0.314508708064414,0.145826228957488,0.0782542003926805
"lg68",0.289472421611862,0.375547705420165,0.384724076660566,0.291878028200802,0.554160349953566,0.655257173100461,0.706963679088178,0.629464214493249,0.706029679580771,0.624366616446076,0.552566007603942,0.330903329234247
"lg69",0.243248527763581,0.232886387216038,0.214876452736203,0.221358420224426,0.452295397145735,0.371961874291274,0.283613488184136,0.351809238812108,0.695970858605688,0.241145348007052,0.383373603163474,0.188781484872254
"lg70",0.330555953378228,0.282824568692484,0.27156008335641,0.2145326942145,0.42200372478586,0.297849913062194,0.360788210577817,0.446748049554826,0.330673380780938,0.382514412688952,0.36075227389315,0.3136778639279
"lg71",0.292557783160744,0.336841088109205,0.416101027122084,0.409913926993062,0.587097545505033,0.526733668279654,0.556237217801239,0.567361477150862,0.491614139639147,0.608029041725916,0.458393139842959,0.32435097700622
"lg72",0.193122629666984,0.215264577006511,0.344000956916545,0.402145032812191,0.559367147632705,0.517684238207037,0.420516321464515,0.518370407133024,0.531040437083826,0.583108303279136,0.449632596576164,0.22323027763836
"lg73",0.0854132436035762,0.126623253295486,0.228830659695873,0.30878927894451,0.434087575011323,0.329168348834947,0.270627890633709,0.307380039405089,0.306863722243911,0.427131192951416,0.308490263328667,0.176105811714134
"lg74",0.169560895466274,0.282544614599766,0.183918655824601,0.138927645432091,0.155988280421526,0.232088057009776,0.265541439952529,0.291023878435481,0.215869314005912,0.189972315292471,0.171424574008821,0.151393110874002
"lg75",-0.00128056879176252,5.29053054840049e-19,0.0198019375851216,0.419623631860144,0.593601601828173,0.546474465959473,0.53147518808731,0.554536820490342,0.585214586708186,0.536829690673193,0.173879983345612,0.00133221554229719
"lg76",0.167827501671533,0.191780672529302,0.251372824765169,0.336156271888486,0.497910280104952,0.382367797117598,0.246703425025088,0.396903099896081,0.319661933837792,0.46190003097065,0.439698921458203,0.224345352947341
"lg77",0.269493323975479,0.253182114347266,0.479705918321561,0.536630993521739,0.534740973936143,0.463217648660398,0.371929452107512,0.35252299215201,0.530428321878955,0.278279283113191,0.45779758095435,0.179794553046576
"lg78",0.380374411272212,0.264483896518814,0.279340557036125,0.297158530606291,0.322328356357846,0.387118772483762,0.395176216027442,0.325139666066202,0.525161429301684,0.335906680042187,0.440640755584654,0.253063283002434
"lg79",0.0138189622732063,0.0411212997835991,0.137631327270951,0.24539712091229,0.381239459357026,0.23851286637267,0.0945259957014289,0.166110846119997,0.150058185993364,0.39109881696447,0.243146558075814,0.0606057326878576
"lg80",0.161498614567291,0.196514045354126,0.277521233476535,0.405633965522569,0.543583905805759,0.458852110065181,0.299307890707013,0.445257639130091,0.51317981558267,0.564617344925021,0.40678052093222,0.216506296767872
"lg81",0.109428613261834,0.126329525513451,0.107317681388055,0.0928916528496695,0.163723923923577,0.0297250309296657,0.0446188068983074,0.0313911960764811,0.0615100288445152,0.159810166208785,0.113958169018877,0.108141272153199
"lg82",0.0496174432713821,0.216801078309139,0.553784893876123,0.438006123518919,0.449059880479403,0.394709818166354,0.405128837838311,0.381015864417187,0.19944926169671,0.380148227650337,0.627352563131609,0.252387879595455
"lg83",-0.0307322061964027,-0.00975011968992105,0.00925392788641585,0.0548827122842124,0.165033250065123,0.129985141843674,0.235881586303597,0.0629169614651509,0.152851594950655,0.053572607996656,0.0738125705285853,0.00398885236036653
"lg84",0.236771930623302,0.272876839106978,0.35576365505553,0.378429822466948,0.561704567179642,0.534844989744997,0.425918230163868,0.450794466898401,0.541187455882664,0.557992118305336,0.391966995622024,0.319843830728795
"lg86",0.366187692036338,0.300005266365947,0.322953753325559,0.334874282986735,0.374396053158388,0.399279033335163,0.389422353597225,0.376480674361659,0.573816655747161,0.339501822923611,0.485103602738515,0.275639953843024
"lg87",0,0.0342334454010381,0.602138895452496,0.372260471213032,0.473213328757359,0.379948440552056,0.41430586432413,0.532964350597961,0.60943700463528,0.47705752329233,0.610779844437975,0.0969491888262606
"lg88",0.270769336828359,0.264858282591744,0.359208786530305,0.302757971967446,0.450444125731586,0.403622385059328,0.441521451373547,0.473576058101119,0.351146158187437,0.458790722489827,0.353139485782713,0.364220107711151
"lg89",0.0123463226682243,0.0169814907617008,0.0605654019372867,0.156190672004956,0.307619277849688,0.230217441502842,0.0791454203688253,0.145914536314049,0.121385780242734,0.390582231042802,0.22325168486716,0.0831490233222936
"lg91",0.160839009514589,0.196765397211578,0.267855714600458,0.382798327651449,0.543582744655922,0.445552482931014,0.354648454056368,0.432318775223631,0.404568935787539,0.500794419449904,0.465492487106378,0.214538252928408
"lg92",0.31461580470055,0.247583773832442,0.153042854931887,0.236657230649064,0.347886877777221,0.230267002825186,0.207555405771473,0.216503675210742,0.173894791061056,0.415988376072279,0.377343147725657,0.381170298793382
"lg93",0.168496551194966,0.190909571005516,0.187375144734334,0.311379820047408,0.465391317682288,0.348892280622975,0.300270782494793,0.322132707520768,0.333988206786183,0.43153021445745,0.237415795835765,0.239477665358035
"lg94",0.0477202205126273,0.0684299101774732,0.0687006082389643,0.154950264540392,0.0431112286140335,0.0615584709304568,0.089442766311876,-0.00193869273740169,0.00238747008874679,0.0386296614754126,0.133731856714652,0.239532103040569
"lg95",0.141088348411047,0.181892392725992,0.264869570054144,0.397758153192794,0.56569835584489,0.483646995799961,0.462293317314515,0.435212430921706,0.417915973735821,0.512397873265908,0.451615981867401,0.204512001331199
"lg96",0.256212861756618,0.222007273370452,0.322033575727334,0.324750762659176,0.184340323097642,0.192358810812521,0.165615768973565,0.0964231078333437,0.295148211460004,0.235377733009933,0.243027744223719,0.230932595075539
"lg97",0.341495429468462,0.317516447719177,0.295960593743623,0.26076169147805,0.484864063669755,0.515202859956733,0.408774814059532,0.509145951779903,0.420473483013252,0.443322918314446,0.419340255779615,0.3224262703235
"lg98",0.104377461741358,0.199206955047692,0.366303608964827,0.322316729916682,0.449612270257286,0.207320690303358,0.628148027672435,0.33702684841028,0.507104555692675,0.379666964492259,0.472285470562513,0.191490004605868
"lg99",0.0136907616000939,0.0168755777538474,0.0599500171932957,0.101057461581934,0.239313940046559,0.0761708204067947,-0.0978222405939973,-0.0132380661932707,0.062568294478721,0.216295611409282,0.148288553089396,0.036319180656884
"lg100",0.0357485875451025,0.0228566044917182,0.0927222527731429,0.326798891656372,0.415953980391239,0.322390813507572,0.379204797852885,0.215340036984364,0.439832160928703,0.119857269684294,0.161017781624131,0.0398037072027911
"lg101",0.1613169590387,0.218918122676954,0.312953266493295,0.361303853335794,0.518094937098902,0.464939680629164,0.433752045972659,0.643676497337059,0.543498717757868,0.616233050923532,0.36771125629363,0.260090087932524
"lg102",0.0494669275208647,0.0614073816287868,0.303626345812794,0.287436952583453,0.295394230765676,0.368878611908085,0.299355018815525,0.314381804822925,0.415071660075808,0.239435541824076,0.308846038320476,0.0466985918529432
"lg103",0.256558639459137,0.277191551193526,0.364627698841126,0.367373670710008,0.543699200163302,0.314724607194613,0.384652120220034,0.504036055120321,0.519504452915991,0.601843541028291,0.401562875960588,0.296750476744162
"lg104",0.0259821677389649,0.0259850747532708,0.112025454159098,0.232039710170607,0.309183096185713,0.167658367407307,0.0370292329361852,0.125064548303332,0.148408487010361,0.347109740986825,0.216261040819842,0.0905322797341434
"lg105",-0.035340495557805,0.00755449466769207,0.0117261713335964,0.0213787615739503,0.0706728143243772,0.108164320093603,0.109052498700334,-0.00152735104887501,-0.0486616532739325,-0.0519246142844621,0.0614871723182128,-0.0140458707215715
"lg106",0.24314070932872,0.24509759063766,0.290203809984193,0.368024199579717,0.541170810810246,0.387267733060091,0.334430655145902,0.389852899385365,0.509757940988002,0.52126820611114,0.341390571778709,0.300638056946077
"lg107",0.330621566736667,0.279174575311505,0.373700918498131,0.346568372720011,0.255883497419691,0.243910919330437,0.196182197613357,0.17485833172749,0.326903842024618,0.316510227279962,0.322390760456299,0.331371731253285
"lg108",0.109161055392517,0.164435412739124,0.225690914846854,0.27131656305197,0.459313095055734,0.273799297293719,0.201282934974004,0.213969969332262,0.260489268499572,0.41389479034939,0.32934873439049,0.171138850460719
"lg109",0.0809616445245167,0.137969452641048,0.123532050900574,0.0801921845260057,0.113358974468853,0.317133972326101,0.311796824855117,0.0960860656575117,0.0325375040050973,0.111834907511955,0.216986227191386,0.0882364580771227
"lg111",0.190317118441447,0.183599937839699,0.254755897356963,0.246374475478934,0.155832873065655,0.239489899539111,0.403529177648271,0.218280883199225,0.364747427544796,0.239814744586456,0.253157338902663,0.148808542033065
"lg112",0.147943061548113,0.185852579624273,0.310889978396913,0.297130051044975,0.204458545158227,0.197909678853352,0.126168803820743,0.145150066855805,0.200344656956664,0.161183705128781,0.276048453043367,0.16975236313547
"lg113",0.320270085769254,0.343615365619602,0.379893900962842,0.412014577722311,0.430362828541582,0.43578190217677,0.393462723800482,0.392597334656584,0.595295786719449,0.325521385067279,0.481664337724354,0.243851415748203
"lg114",0.315964886768813,0.289037417460114,0.356781884372901,0.307392981727822,0.495518602083985,0.596255761995245,0.524753221205671,0.55454522275638,0.663938762730779,0.581192992414588,0.458538127073863,0.251656590245835
"lg115",0.426766850406802,0.393628002185287,0.434405145359632,0.416381520719158,0.615327180935128,0.508971853884124,0.491945915301924,0.612023507576409,0.891896330565825,0.434258850045657,0.479519636062175,0.357402797451167
"lg116",0,0,0.00611020547016378,0.544732763521424,0.552955245414519,0.405479110323501,0.417511573271292,0.484740614073671,0.521492569037025,0.440843817301076,0.180784480555287,0.00497521838294053
"lg117",0.23158474410701,0.196020335032146,0.386868880535988,0.449360727138655,0.407489732809067,0.304085597870849,0.179204748927818,0.214009180648208,0.314337456219926,0.206607632007748,0.322160968485258,0.156266133305306
"lg119",0.372859778863347,0.369704836103148,0.509902639603981,0.45424422462742,0.534015091406981,0.414591966878842,0.285335727243355,0.356549307003309,0.547322042464734,0.593147616594047,0.413111557139529,0.402833357229498
"lg120",0.0971051753222578,0.117516804418485,0.109239072670438,0.127839095891246,0.0963650255347367,0.0433356299535775,0.137641462375201,-0.0348477785617188,0.0196739162471044,0.120809104363117,0.142066974092187,0.117844899643825
"lg121",0.189202428565575,0.23048114148293,0.319912333704828,0.356314905312539,0.317060141184391,0.155261070195544,0.221277323212529,0.225974695864397,0.42904110498265,0.319303762928633,0.263227689977852,0.200721312848732
"lg122",0,0.000190885319078357,0.0315163613437201,0.318635506950694,0.597785693600058,0.32403845777462,0.220532218042928,0.357315843774693,0.349275648389413,0.414127964373699,0.20117147873139,0.00914964922909548
"lg124",0.248429610865383,0.274925620650791,0.324429304031837,0.331170297486088,0.365569875843206,0.439202206156934,0.378413524840505,0.217926433058196,0.339726331927044,0.356382442130364,0.396788318225993,0.272054127655454
"lg125",0.170131364670101,0.208724310214236,0.297889766138076,0.320827151058611,0.460086892085152,0.310466565575018,0.225876305222925,0.239480498637638,0.35972892416049,0.460841395427649,0.328442806696742,0.21329491171999
"lg126",-0.000584342733997255,0.0472561176643503,0.561638600582101,0.444283558262151,0.441009458431074,0.433356388231796,0.699491812133691,0.424305653563844,0.585994878462455,0.452931570077477,0.537853247380064,0.0793032273471566
"lg127",0.135722555785346,0.222656940350737,0.39684535331077,0.447376731497847,0.510290907201278,0.413090194941596,0.469018061054705,0.417492054211259,0.624675360023499,0.34038670228295,0.422965195597948,0.0618736280745961
"lg128",-8.51728947264008e-19,0.000925814097320228,0.0661359714540525,0.363206225920718,0.52914474534756,0.367940010506138,0.282684631441441,0.402320124395923,0.306497637775753,0.532734886761948,0.290593474245098,0.0429239172675657
"lg129",0.253312175182319,0.189859325473679,0.250594403212205,0.404505139432793,0.326931784490618,0.349754761662374,0.294544381189856,0.117519497830762,0.301342470772169,0.202706284699762,0.329403506604709,0.201779967343277
"lg131",0.0154809781797696,0.0182515249806329,0.011118705477068,0.0753115936810211,0.360627419204145,0.0485444216808566,0.0882341902847366,0.161612299066866,0.236386197145615,0.254622770709874,0.135803771736738,0.0226033796730716
"lg133",0.103527419079431,0.126021849097888,0.192646318499747,0.19108968002689,0.371845938791195,0.262002415347949,0.20257188000921,0.0929095405540857,0.2539156262735,0.368690725918477,0.219767750633457,0.0657674285866845
"lg134",0.0362341548617064,0.0306619629575171,0.0568993156517899,0.144169329652593,0.0823804211082234,0.0481637926320378,0.0259079162966584,0.0272951947290288,0.0544344853358807,0.0475207857547218,0.0684417957766251,0.0468295208105018
"lg135",0.196040084689557,0.285559307101985,0.398721372561395,0.28959510633693,0.40154550857061,0.294842984812993,0.451455335077529,0.329290801249749,0.504820234340173,0.437914106016926,0.579184704877235,0.338533634801336
"lg137",0.194993110204023,0.193051399763473,0.185018882433047,0.0991468893677028,0.0892379821021611,0.146572844577074,0.00441038939383004,-0.0221431194392882,0.195499920525244,0.243920967743615,0.203433309465845,0.20570153285094
"lg138",0.249692200597038,0.260846450873786,0.362972313671742,0.33704545579014,0.388762601085968,0.476028582496521,0.405382578603488,0.280302487733656,0.385921147990213,0.317426839246557,0.419823130716619,0.283862960146936
"lg139",0.0799876495143095,0.113610660604897,0.162779796027447,0.297200479248748,0.449274278668547,0.312897057120511,0.131607412715675,0.196906915648659,0.227230287944708,0.399325924330867,0.352360496980893,0.158480500476219
"lg140",0.202857498222946,0.270704563058122,0.339805347678401,0.398567955557537,0.529281272147946,0.427305508167404,0.31335639008566,0.437401130683507,0.515821994699856,0.555437542896213,0.404345688593743,0.245082091457996
"lg141",0.229973671264681,0.207206148303617,0.296075600818256,0.269211334773038,0.530196118300374,0.173536000987133,0.377659036705566,0.236767455384784,0.418536963471929,0.437713817486354,0.25134072991763,0.200434406520116
"lg143",0.0860644109697824,0.131812702336857,0.190486861122032,0.20866938402537,0.368539914346994,0.284770578450276,0.195410804864825,0.164727137198057,0.30801641227489,0.384180268494612,0.236327562565433,0.139449989394422
"lg144",0.205869143490975,0.211261139791563,0.297570860154859,0.234281940801969,0.236964755956607,0.422687632633978,0.520634744761336,0.351948552278249,0.551283699207933,0.356253685153506,0.304637946127727,0.10347013878712
"lg145",0.189300329168755,0.218499832658815,0.237695623316698,0.211030418434731,0.218227313702297,0.296721164291956,0.271793985972905,0.21339825686595,0.37450994779648,0.300563276608841,0.407863116865171,0.270948388694549
"lg148",0.241954228123223,0.215167777964944,0.305788643908475,0.266790924762376,0.25103788023766,0.157340223190428,0.0966904325807714,0.122639554448011,0.363884344453204,0.336449248230567,0.282075226985947,0.223974157355337
"lg150",0.012491994716733,0.0597048746795553,0.230992876231765,0.345847898915749,0.534862384696037,0.35086480378438,0.166072301816333,0.0795578321201754,0.345392665875365,0.562752054656515,0.249640134032196,0.0874000384083807
"lg151",0,0,0.0463924887913366,0.434453522395665,0.39328231821016,0.244696755907232,0.270267619568366,0.328528065699034,0.334771362919124,0.319253746707086,0.202074705215034,0.0103651930467544
"lg152",0.243739599799324,0.389143484313852,0.315729905904911,0.176765271849946,0.344815231973191,0.421250901890928,0.338441273857711,0.465776210885968,0.497050801358882,0.441254932451449,0.394333384992472,0.156125815888616
"lg153",0.0958519976952478,0.164234331748084,0.33560665565366,0.438625335360765,0.407356955316738,0.260253287615783,0.367237063438703,0.221308972496861,0.438055476639081,0.164024416902442,0.292397423333149,0.036253669559577
"lg154",0.321448759552853,0.283116801494742,0.350117910358937,0.294310530020041,0.231785844544988,0.164170717535828,0.53401412014097,0.20446260883967,0.293687047697111,0.391642526710038,0.425003904240889,0.340806440796504
"lg155",0.0572822438151189,0.127815443531823,0.249094086250417,0.385410554098753,0.481571237608865,0.338258162905876,0.254540156342912,0.372942801022527,0.366529588591799,0.43381857721926,0.331125845348033,0.185452628065811
"lg156",0.132085217902916,0.0886630967849719,0.175850651460491,0.209246072408921,0.232354602406881,0.306178243744228,-0.057640538494492,-0.0366462602693593,-0.0202507120919879,0.240272678757091,0.206646086951141,0.0256934641700613
"lg157",0.0194472485820158,0.0273174418453479,0.111780154078998,0.115790681348259,0.0556860563780394,0.0211859601138455,0.00247407633636461,0.0602688394583795,0.0190731075179266,0.0580109829693512,0.0807949137547268,0.0102146818514053
"lg158",0.261397779725231,0.257227583105914,0.333278841041352,0.381118553409222,0.376018863234782,0.443755600075747,0.377811548447345,0.295186459506654,0.463957215692619,0.219153198588713,0.444784436059516,0.302222684929845
"lg159",0.439552278301025,0.423152663765246,0.405961366951568,0.554254898178112,0.460283261359438,0.418585893862523,0.404264917475166,0.346284902515371,0.470593552837423,0.49221792095711,0.583504713605639,0.485874948392698
"lg160",0.180132021043626,0.133792643931282,0.17737499157746,0.210662594690097,0.237595762917129,0.297373933433398,-0.0677652534148175,-0.0239466058291364,0.0523566710810187,0.26966395435731,0.245517840789267,0.150337464200116
"lg161",0.240959265155114,0.242181294639863,0.323707821607623,0.381431832374656,0.33294617693237,0.327060042199472,0.189216489835188,0.253157431613638,0.352678397680894,0.367680946113322,0.326385940166564,0.223771863651482
"lg164",0.185943624015379,0.182883758179829,0.260787916237092,0.301109615752591,0.226755152311627,0.192083022974973,0.248108877488324,0.166187665479898,0.409477867129857,0.1950362910052,0.294641358396744,0.135872764450428
"lg165",0.151158760358994,0.168808897827852,0.267009582886205,0.330643475590919,0.482177319391039,0.438376560563993,0.424921813094894,0.432145815953404,0.480543146280179,0.548129973076482,0.386850722756754,0.236083035863778
"lg166",0.431784919371974,0.392585681130925,0.396673449107917,0.572706370486696,0.477587969055833,0.408556172612193,0.112960741046105,0.351920066529282,0.575480276249037,0.460508895881779,0.565898369673163,0.503262966206081
"lg167",0.318966928962879,0.414397445572541,0.502934154996803,0.493703966932583,0.551424519923431,0.448499941354257,0.336884365673402,0.299882038408746,0.446518047616981,0.567400214616335,0.44961454987758,0.392888180378625
"lg168",0.330990074689996,0.393219148953655,0.461931067745799,0.48999915844835,0.497002770470253,0.482752800748471,0.319654860995523,0.312046728359626,0.500018647620474,0.600094941130801,0.425287788136949,0.38435752017598
"lg169",0.366375822891284,0.366254338327336,0.472508214838157,0.437059844056993,0.5339128363758,0.3696435857233,0.341708462640564,0.329298720272727,0.459890599421924,0.557329975409468,0.410237524134777,0.383195057524948
"lg170",0.283482639817146,0.293557756224106,0.35445107532603,0.494330744383336,0.327277271644151,0.20594296738142,0.151502788655743,0.0753283939026772,0.303098727617649,0.269243987811169,0.41044905735228,0.294074472579421
"lg171",0.019593552730651,-0.0496546312122469,0.147786371051492,0.141336570506322,0.211534043403167,0.248582297888161,0.0640822958838631,0.0374660599570849,0.213525772465218,0.272408135360835,0.26853451527608,0.0750734813462412
"lg172",0.00398229252789422,0.0302053157436677,0.34718810780044,0.367666925398116,0.49943968176948,0.440781542703336,0.496378034851919,0.385017954176912,0.545180316350983,0.254871986522262,0.295029573543607,0.0178842702030067
"lg173",-0.00891833420639561,0.0236959654499402,0.0249324465423489,0.0612921600798509,0.0658007571645818,0.120742352912043,0.194675684447824,0.00231333825933662,0.0371923746453124,0.0317904872856705,0.104303160796306,0.0188372439037144
"lg174",0.267267015010873,0.285044403490968,0.39205414769147,0.329145291929703,0.423478234697545,0.404631910901351,0.275295281917107,0.550925897556148,0.431385121128365,0.605697321529429,0.381066362041276,0.291742659575009
"lg175",0.00191801902614827,0.00881536284547655,0.0505159157016142,0.0995444031820475,0.184149187954093,0.0179971587966703,0.15093663507155,0.0530389747670038,0.132719267643769,-0.0289365645870361,0.0157944866678517,0.0109708129453845
"lg176",0.211303130453488,0.221204981269977,0.372821898228575,0.312068951636044,0.30988282411439,0.33519704474091,0.421202329602906,0.278160288541509,0.468836121660441,0.3541334092412,0.518286727382479,0.261507197574004
