"","Site","Jan_Obs","Feb_Obs","Mar_Obs","Apr_Obs","May_Obs","Jun_Obs","Jul_Obs","Aug_Obs","Sep_Obs","Oct_Obs","Nov_Obs","Dec_Obs","Jan_Pred","Feb_Pred","Mar_Pred","Apr_Pred","May_Pred","Jun_Pred","Jul_Pred","Aug_Pred","Sep_Pred","Oct_Pred","Nov_Pred","Dec_Pred"
"11","sm12",0.148413834,0.128600542,0.258806986,0.289899383,0.328902044,0.149829197,-0.145489309,0.196711658,0.187288755,0.306128898,0.368726744,0.197950698,0.165545994642305,0.162304894956867,0.229121348204454,0.265124919129239,0.34822453044672,0.247845980523501,0.112767276333614,0.262002584252038,0.268466628263964,0.418331893690012,0.381008050914725,0.196102899549387
"13","sm14",-0.001048152,-0.006485184,-0.019544104,0.008813176,-0.00065791,0.001237248,0.00587667,-0.00071708,-0.005482682,0.00179513,-0.007808667,-0.014318774,0.086795943685699,0.101643637531507,0.121093322622568,0.132637911487372,0.143455752787426,0.124603287664787,0.161824042406916,0.0641058008292109,0.110782056062306,0.163892689483294,0.181181289496446,0.0929014784227875
"73","sm82",0.070812078,0.081550072,0.220319546,0.267637296,0.523744669,0.482620897,0.384932164,0.383875706,0.410260128,0.334549398,0.308307606,0.068937997,0.175022529534887,0.198150891020897,0.247774223295558,0.275508091298361,0.37657114485035,0.312274546507053,0.309186937367177,0.304854972913537,0.304133018530608,0.387223104143503,0.292863915648385,0.20484552241925
"76","sm85",0.514862045,0.494502641,0.509660337,0.39477232,0.585725301,0.513603465,0.531930344,0.510451073,0.491969645,0.633667203,0.576129685,0.515096775,0.382116864331505,0.357914270569426,0.409427087680743,0.361090026710285,0.525072433310763,0.474352248221172,0.440985269517514,0.443771164672537,0.448829930977166,0.553012792094968,0.482647562264864,0.397075597509838
"79","sm88",0.525491194,0.504424189,0.513546736,0.400607871,0.586982386,0.517416372,0.519695042,0.503169573,0.490400151,0.642219382,0.570901811,0.515987196,0.379636490866437,0.359126046001612,0.413080450966791,0.359868674634967,0.525467966161019,0.452621991333576,0.441932826350698,0.453441309901559,0.460611562842646,0.556281301980549,0.482324608830569,0.395984901951787
"86","sm97",0.377204259,0.369548546,0.427968952,0.40387976,0.38349501,0.423222988,0.340015499,0.406833779,0.432465167,0.476198799,0.503291638,0.434808658,0.288276560642657,0.298191537929886,0.369463333598704,0.376649924696426,0.42282775421788,0.384755909496246,0.318999877420274,0.370134346054384,0.405155633498958,0.467971199699671,0.443750440445172,0.346131211732597
"88","sm99",0.448138387,0.413334368,0.409749799,0.367790585,0.445604579,0.365316063,0.298285141,0.336381042,0.371578064,0.556856821,0.526347983,0.459838922,0.286749494715434,0.295431696573758,0.349761131679662,0.309686177322597,0.42346456119755,0.45088490014827,0.39228154806883,0.377216644997301,0.438950900411158,0.450542025778872,0.446022484297019,0.294446265687017
"90","sm102",0.353526672,0.37631737,0.450847625,0.464940938,0.466467819,0.491323051,0.419107882,0.508353633,0.522414504,0.596059501,0.536336275,0.404220283,0.270605115146218,0.297898640461543,0.405182624494736,0.411974331398047,0.482509990463361,0.44751593102869,0.422041253963767,0.467755723525041,0.492766871915601,0.55482176567788,0.462743459895251,0.320520229937512
"99","sm111",0.221441377,0.270024055,0.290828017,0.282873561,0.461228556,0.405493134,0.401828806,0.351559434,0.449687984,0.479985176,0.349053051,0.312832019,0.223922216055601,0.249021227394913,0.275622923257894,0.27958009501562,0.449577014962434,0.420571445290272,0.374123450705712,0.351197827909451,0.415132005563785,0.481981423132494,0.373150494895985,0.278561776504277
"104","sm117",0.327480148,0.351660271,0.42030728,0.440812873,0.441388175,0.482344189,0.389903742,0.468414635,0.470741319,0.540785449,0.489736377,0.381097244,0.288914988303032,0.319628912840799,0.409462078327569,0.41002123845942,0.487265186062968,0.455128150800036,0.431624059244825,0.471028061766404,0.491500945444493,0.550947997053948,0.474432016995553,0.346381460266689
"114","md7",0.371398761,0.369142988,0.424727159,0.431887142,0.404789081,0.442434563,0.354069136,0.422125724,0.461120774,0.499738438,0.507048094,0.436585862,0.29156828975951,0.300024489524582,0.373934000271618,0.350624174061397,0.420569004015551,0.38508303503076,0.345547099988397,0.373870846658087,0.417191634016144,0.460213730282952,0.442587228216359,0.368101567772957
"118","md11",0.046526988,0.040133675,0.08820233,0.178141406,0.276130383,0.128961581,0.243548159,0.097241766,0.308025742,0.134124745,0.098019049,0.03241662,0.0468155158629774,0.0641192532112112,0.15409728214992,0.25404575759476,0.236145307362891,0.17935502539836,0.26068402321936,0.124891041584203,0.308371959614625,0.205925536308954,0.219816698827198,0.0663857287287614
"119","md12",0.480383247,0.451910411,0.469071128,0.375699719,0.575094681,0.51169254,0.478954133,0.555473277,0.558456494,0.657342059,0.558158741,0.490796132,0.359774833928575,0.330652975476722,0.398904162251186,0.332575527780818,0.491743270131967,0.403253104502528,0.431482788208939,0.393621394904768,0.469194570520885,0.521188915270279,0.459815171527088,0.355019009773808
"123","md16",0.36439192,0.431491841,0.537699723,0.504927412,0.517738375,0.473009391,0.364986784,0.357278775,0.452903013,0.592906203,0.503038745,0.434781066,0.33269841701697,0.342467397306843,0.423213641559654,0.420102048165853,0.503432850179554,0.432463008369393,0.382305344169047,0.379977824247017,0.468679469473581,0.532406744028136,0.444804429278373,0.383286875796446
"128","md22",0.021397845,0.017045932,0.061153925,0.079897929,0.173908369,0.019888783,-0.01263524,0.099042534,0.037873254,0.15616641,0.16385431,0.041375415,0.090843394955029,0.0927734087857729,0.13500697521228,0.176009672329142,0.273543221039896,0.13873253277084,0.0993264506738464,0.110806784552651,0.140742491518935,0.328872247118392,0.227625293294353,0.115425457063627
"133","md27",0.156409715,0.17848226,0.2124532,0.148038313,0.203749809,0.219747385,0.196341746,0.08969849,0.004927187,0.290792746,0.296957021,0.15066026,0.0899580186188205,0.108452056712981,0.15348613465922,0.153321567609002,0.175575697296637,0.148801211695304,0.172823184939926,0.107783631813191,0.107206691804308,0.242248119155731,0.207211937614893,0.112100103834128
"134","md28",0.067617751,0.052782988,0.138760282,0.151203863,0.162696384,0.062120911,0.029306212,0.027410186,0.043628892,0.278969513,0.244500053,0.140913111,0.126006654012093,0.13221137613815,0.201279340524535,0.228950087993424,0.295049656819472,0.209900744439169,0.106234951555595,0.1899202497449,0.236381829316249,0.38699633679904,0.259356679325762,0.17020551690299
"135","md29",0.107661145,0.099828768,0.170688185,0.193430414,0.011242185,0.036282793,-0.021126974,0.183646914,0.035767484,0.115854151,0.232801459,0.124969004,0.160934727796672,0.154318261310116,0.221734973629733,0.21958815868578,0.258196133868491,0.204630580516715,0.126644091680388,0.229159322546435,0.232543199882584,0.327180316769949,0.283437813597505,0.19741253652532
"136","md30",0.063777298,0.102971037,0.189859081,0.229302177,0.117039325,0.081280724,0.201295398,0.118227774,0.257634491,0.267336159,0.199524361,0.161101691,0.0990600075848,0.120894670840842,0.169345150073912,0.1703778480566,0.181180887186081,0.162623637159026,0.183309352633972,0.126601452691883,0.157214290687736,0.244471449272138,0.211047480322002,0.131724566995116
"140","md34",0.11194257,0.084121893,0.172580172,0.147981418,0.3889907,0.28195519,0.203447109,0.09867568,0.243064432,0.386499957,0.232077428,0.112561989,0.212315308192275,0.237204011082385,0.270133258067944,0.27136774800342,0.44599007426035,0.406453873261245,0.367989312508786,0.340063221796039,0.39835596831052,0.475493742537283,0.370845232680226,0.255891630353296
"143","md38",0.031324292,0.062641921,0.179202647,0.148221444,0.190199382,0.100189978,0.178816838,0.048757051,0.003241948,0.234615949,0.119116095,0.074538744,0.0882691388648433,0.105985389112462,0.154537627683549,0.157816323995524,0.182507885033804,0.14551687955722,0.165183333518849,0.104814236561259,0.112366553451004,0.244293397874474,0.205952895870234,0.111522732082532
"144","md39",0.049329887,0.065051604,0.156912461,0.223077077,0.240286677,0.099570082,-0.09635011,0.091404152,0.155696497,0.384506403,0.300677347,0.124154188,0.111354415555949,0.12820780867321,0.196989695768955,0.250631867061326,0.322380309110037,0.214351321092175,0.0921284240106298,0.190215176271373,0.245804812655068,0.396810029025041,0.251953320594676,0.16677735429305
"145","md41",0.132512199,0.077201063,0.093341288,0.049663074,0.095272917,0.070470517,0.147788123,-0.129006838,0.258620726,0.142660324,0.220011643,0.072269791,0.162084605121899,0.164128836780568,0.216721510697061,0.274542183012989,0.229264141256639,0.197007902265366,0.261783473927169,0.1009909812087,0.305845122985164,0.213397174088199,0.282975946209492,0.140883697760245
"148","md44",0.045747181,0.037627469,0.081558177,0.194877288,0.25574037,0.157644593,0.100483267,0.105415196,0.140324124,0.210078777,0.164634269,0.035845219,0.137351334060258,0.131436649538212,0.16567809823506,0.177571440103452,0.285827689092302,0.206776616020594,0.136913765813422,0.171858652320602,0.150255990073551,0.302801002556488,0.249889885000406,0.15455742443074
"153","md50",0.21339167,0.157767632,0.128508944,0.017200209,0.039840216,0.076314937,0.161910051,-0.14810186,0.038826854,0.216116039,0.33451769,0.109179234,0.219802400719331,0.182013098453934,0.18571719508402,0.180832159093645,0.244275223174061,0.201161617341583,0.210702566614924,0.0987423789701817,0.169325469810643,0.276411208105891,0.363931957960196,0.200439601300458
"154","md51",0.046177716,0.037669179,0.052541502,0.059585935,0.063026068,0.03688371,-0.050666846,0.017112928,0.028076825,0.162224815,0.221026685,0.057154772,0.136342231459115,0.138535309893655,0.208678690653273,0.253111994237857,0.308122638236604,0.221563580565011,0.209305052200499,0.163113766241309,0.245142041190872,0.323259212048154,0.29119178833864,0.142411334814029
"160","md57",0.076025222,0.082762806,0.185337138,0.309153864,0.571504309,0.412664082,0.283202165,0.416440761,0.412902598,0.499157583,0.26059738,0.095994412,0.0381038459055189,0.0557209988094697,0.137270189339778,0.298206423916435,0.436163458013025,0.297122822975046,0.212758993456588,0.264073619359117,0.312695026407624,0.415510094952523,0.254141907999176,0.0725204688981049
"162","md59",0.379222857,0.376262028,0.429132829,0.352296946,0.459764797,0.541747776,0.378097214,0.400731751,0.608896393,0.577958981,0.475096267,0.421330349,0.269491800572974,0.279925560483436,0.329839574708775,0.316276654766439,0.418057115770998,0.478469552383549,0.388973612041613,0.367272040388248,0.447494926020981,0.420391217874713,0.426071021425588,0.296956897874654
"163","md60",0.296959384,0.287720679,0.248973978,0.398177034,0.465486854,0.518118345,0.518445916,0.434298716,0.524915297,0.356157538,0.476603034,0.180009811,0.248839590901287,0.247519310085051,0.267231837175806,0.320085232571908,0.367989862202024,0.386995417213621,0.359388669214747,0.301577833327331,0.397356965905249,0.335908079334237,0.388404863118354,0.236061693440048
"170","md69",0.126696443,0.151535501,0.31479228,0.331185233,0.225686007,0.287239295,0.294554985,0.250676027,0.386227382,0.260751431,0.308805206,0.113476009,0.126450696300446,0.118941511452307,0.200299671461249,0.268490119991116,0.254422868890072,0.264402099413921,0.286390843059425,0.236970333559988,0.344143535158972,0.223154259818324,0.264737338926676,0.108616885173304
"172","md71",0.454862186,0.447780774,0.462512267,0.355063169,0.548249329,0.431815698,0.481916912,0.545142682,0.514698994,0.625152188,0.520343993,0.438920657,0.379609107798782,0.361353062107277,0.413934157278236,0.366490597098451,0.517366377501186,0.47057754188598,0.455149910266704,0.463366120193348,0.492622877498715,0.556514495118142,0.486338759339477,0.395366897981803
"173","md72",0.134115505,0.128774232,0.15298284,0.135520678,0.27005207,0.227920163,0.190481559,0.164253647,0.200118145,0.261002102,0.176166032,0.145561821,0.261017610958513,0.268579209199405,0.323628443399683,0.311649249417443,0.448202597923016,0.423901725241888,0.369388522989341,0.373635926731821,0.425812368025091,0.481021024797658,0.379507752431712,0.294269158493553
"174","md74",0.167407225,0.181767213,0.244133782,0.296737853,0.440685929,0.402918744,0.332956607,0.367111697,0.352753304,0.487097685,0.456724457,0.234169555,0.135633127460221,0.133209992070201,0.192945467549244,0.223833120918691,0.342126507416111,0.25442903961712,0.173569093831826,0.211047555374187,0.23823324205252,0.38525969352136,0.375150295697807,0.178268876635008
"175","md75",0.241950301,0.235913924,0.281014254,0.258709633,0.278071069,0.349437919,0.393819165,0.354280108,0.40806088,0.362287908,0.336262346,0.261446332,0.191986338282552,0.179653547489719,0.204652594113783,0.193424073168832,0.235300820783408,0.235482624571262,0.234297207958513,0.194973821264965,0.219378570703683,0.290115416682288,0.282718623528877,0.197202536929828
"177","md77",0.255845427,0.28003713,0.235366218,0.328367665,0.434047384,0.496418473,0.538271682,0.406650425,0.442746166,0.201502041,0.420947255,0.291421219,0.258330155875358,0.264259727711134,0.252990441048368,0.271124654837183,0.363630939883134,0.393850333833491,0.364289196352318,0.289471567227851,0.376005030381648,0.341581584145689,0.399645925264028,0.262675458451664
"178","md78",0.290652624,0.366403126,0.442750614,0.468954448,0.557001013,0.50801771,0.555016135,0.495483988,0.528075746,0.608333114,0.450354281,0.348071613,0.227301025473196,0.272903256709466,0.370742636578172,0.375660253949997,0.507825855206738,0.438081899702572,0.399420887342212,0.417063830452799,0.467038870409792,0.524713607213354,0.414947249286422,0.263528081487872
"181","md81",0.147911922,0.218042002,0.346544174,0.444509464,0.547734879,0.462039313,0.57130094,0.466654032,0.438858824,0.464233631,0.329726956,0.176155512,0.202763481111399,0.218653382619569,0.282332406732201,0.323242808230669,0.412283246058378,0.353106667923041,0.32304054925699,0.328397754431106,0.343724259894759,0.42942993306451,0.373304662873461,0.211651535795204
"183","md83",0.175638246,0.154536712,0.111053191,0.1290764,0.046277227,-0.018682262,-0.00106179,-0.014653502,-0.162086903,0.175938371,0.546307436,0.208354826,0.191903547633814,0.16696128827529,0.165334237277783,0.156199016248163,0.19083122121302,0.169088476728613,0.16504860126729,0.0705205498604508,0.10744010137097,0.249635533555171,0.366829627856574,0.195810758604542
"186","md86",0.257743936,0.311352747,0.394907729,0.488103663,0.601646359,0.594448791,0.442637694,0.453457356,0.603918995,0.655829282,0.472260555,0.313356988,0.187820027801062,0.19880629135724,0.301709640908508,0.344865652331398,0.495587640114006,0.458753398184984,0.309881141602044,0.375140408346872,0.409261844112778,0.506673476580586,0.36966945676629,0.226071049094218
"188","md88",0.150507575,0.157354126,0.283161571,0.279510834,0.385707384,0.154394639,0.123356196,0.235546942,0.172808428,0.326592708,0.386719963,0.176530483,0.113373303116682,0.10935959647421,0.188421297699826,0.242726198342936,0.338511681185309,0.224502907927032,0.123950007252212,0.199955239262432,0.193367315486899,0.355287124871296,0.316545378841656,0.141135534983924
"190","md90",0.367659389,0.298972439,0.357254755,0.339596532,0.555667165,0.472715416,0.45099753,0.376245587,0.495104954,0.57467197,0.4909362,0.331473272,0.214413760669928,0.189142494555574,0.210511883005516,0.196042115295802,0.276979849939791,0.256445417933676,0.203443077799217,0.193738278363286,0.220674871255407,0.316985108911565,0.344702415250754,0.227464718371268
"191","md91",0.005557613,0.055516772,0.095366448,0.141727892,0.123528166,0.137960004,0.177855523,0.093496203,0.090940402,0.06842189,0.075963378,0.033558714,0.0897693706315405,0.103951841660714,0.122464990337508,0.133089950692697,0.138041201290386,0.127856420920387,0.168099295637509,0.0501153371075481,0.0991424293272535,0.132160829168969,0.174719884214605,0.0987749540157186
"195","md96",0.349491549,0.320691699,0.374609649,0.315544812,0.545703309,0.356484956,0.523814494,0.493960721,0.523506896,0.602342169,0.504343903,0.314604662,0.37358303254606,0.340938199588991,0.394454930395514,0.321269901453436,0.49477373675424,0.412704030204758,0.440376150964847,0.400790293983447,0.458231032084162,0.516950827968204,0.46152095885548,0.36430086987068
"201","md104",0.060753325,0.055469052,0.110075203,0.11510177,0.094863298,0.128175509,-0.053125867,-0.001520559,0.071089445,0.301099086,0.230020951,0.096852972,0.144776980272052,0.15469074496306,0.223693036455533,0.273522061749105,0.340331521360969,0.27122512893523,0.135175193377238,0.229887003161579,0.278036014943565,0.418650610877608,0.314035136923353,0.181059245643497
"204","md107",0.016604857,0.008705381,0.021953062,0.147822777,0.321862531,0.156688396,0.104817705,-0.040141309,0.063564201,0.393157617,0.249935306,0.035831471,0.0481876070839179,0.0643770977850469,0.126182798649193,0.194092050441608,0.290311410923371,0.178430645208211,0.131164279539046,0.133463499885376,0.177570384852482,0.30225664341096,0.230837247654916,0.0758402453145429
"206","md109",0.2620888,0.23169742,0.222985119,0.264091355,0.297011364,0.338918035,0.342820882,0.286119915,0.345337173,0.395736708,0.305984002,0.285593981,0.234716097201441,0.254904984779338,0.304012719549239,0.300408286603674,0.442064972054478,0.433709662663249,0.379747963047778,0.370155267137953,0.431752158567662,0.490638264406998,0.383585270952441,0.270251544606287
"208","md111",0.25046383,0.294333986,0.446983497,0.531169493,0.612482022,0.601932124,0.463444371,0.559031529,0.610693481,0.691944634,0.523580498,0.250404422,0.18810650897824,0.216027770461962,0.315401008542419,0.387596930046391,0.510089218783718,0.437165256315216,0.362420656106809,0.407661943596969,0.458688291794071,0.527350817558716,0.379902004268002,0.226269403772161
"209","md113",0.041252828,0.043990905,0.071514441,0.136800506,0.252431488,0.028721756,0.088111769,-0.030194481,0.068033041,0.111963208,0.144012177,0.034007045,0.129751520374603,0.136058232576751,0.197793941536666,0.2559350741687,0.354229400987284,0.214417798849201,0.21991089743881,0.132000435630295,0.264891460407513,0.328470874061002,0.276616553426436,0.137188460513671
"210","md114",0.196813864,0.147824283,0.122140535,0.038895814,0.057682282,0.107322148,0.127746387,-0.109981128,-0.012589928,0.29363423,0.339599459,0.111595179,0.208178174429599,0.172765164652911,0.167103490876472,0.162177123728012,0.205720308443308,0.179789104061367,0.181109114556554,0.0696736317882146,0.119056185447898,0.270885072978994,0.354813899937455,0.197825638699143
"212","md116",0.087305988,0.091994201,0.171236655,0.199798044,0.182085669,0.12089336,-0.065042081,0.047130124,0.100545112,0.355048349,0.259638549,0.161061314,0.141900983291524,0.149783524310278,0.218826821272624,0.269171814550162,0.331936376040767,0.256184411757011,0.123335568267535,0.203955743305231,0.261812669829278,0.407197891896532,0.311301059948927,0.180182067835263
"213","md117",0.084094875,0.069949747,0.179231039,0.174471347,0.269205009,0.141444394,-0.076887589,0.045158774,0.147871502,0.264182607,0.175852063,0.0484342,0.132914027414691,0.131026609524523,0.192668811589171,0.22278800074794,0.326274995745241,0.244172176018249,0.0831649921316357,0.185231368360876,0.208931765675856,0.351313463536321,0.290532410190243,0.152919170535691
"214","md118",0.133850945,0.153286332,0.2284769,0.443547107,0.521755999,0.517097197,0.395008589,0.509504855,0.536801247,0.600912089,0.476131068,0.183114793,0.12887391999768,0.125061736837714,0.20886693438787,0.296692436328923,0.394714009459855,0.307779006078844,0.174157293234708,0.278120568168782,0.319803980722131,0.456225695698194,0.394664476584346,0.178582329001467
"215","md119",0.126424514,0.123105469,0.27414924,0.240619198,0.375355524,0.227806178,0.083143222,0.087005066,0.192270741,0.378400935,0.297187337,0.142595859,0.194133634785382,0.214423023848786,0.30676857746665,0.321538910832345,0.478487258144883,0.425154263295658,0.313204685351205,0.351909679141917,0.3976794558642,0.483703266034151,0.362292725292785,0.22416839611723
"216","md120",0.35451829,0.361524728,0.462785919,0.494758387,0.506490811,0.516704856,0.500188056,0.548104604,0.52364678,0.577507531,0.530844321,0.435804335,0.300759379156191,0.316952838104108,0.404238778573499,0.409694606870395,0.484454221755331,0.43430071111138,0.434052588972643,0.455809958943869,0.497002127979221,0.52564355640802,0.463305399223809,0.341430872306972
"218","md122",0.11888335,0.130777184,0.130336121,0.165863934,0.123102932,0.123712509,0.094194063,0.10057483,0.117296479,0.127469538,0.17047696,0.134738062,0.158967641369279,0.167106611475371,0.214028060506627,0.229124941635985,0.245489340839347,0.229896242080129,0.190917442629851,0.178652715510936,0.24952792236405,0.158648692179669,0.220119740685358,0.122067745079465
"219","md123",0.345058531,0.390699412,0.470453261,0.497218989,0.537211491,0.533149654,0.557364618,0.604610594,0.546449376,0.583587006,0.534652061,0.428378694,0.304671481291701,0.322115592066098,0.408218245337604,0.411106943059882,0.500234277759978,0.463097529808827,0.444107406339099,0.476572526175897,0.513657493630162,0.548290104568073,0.474453176492889,0.346574150542766
"222","md126",0.122917978,0.07709549,0.21604495,0.258593728,0.258840032,0.089854896,0.028861277,0.076004061,0.172512496,0.313059242,0.250509116,0.08607062,0.147384785222065,0.152345542761294,0.266524529774107,0.325023829601524,0.351993823888792,0.275644145534393,0.258939342017994,0.212271709095203,0.332510794322149,0.374597661179678,0.297830920762469,0.159737186390315
"223","md127",0.262832264,0.314706631,0.402464025,0.467890716,0.598978834,0.507319425,0.433131609,0.528788095,0.558928189,0.632919817,0.451915564,0.315278837,0.227141202770456,0.272606559344485,0.340902850227021,0.385924288168764,0.506831328343146,0.447081960491139,0.376157157044855,0.418647631761742,0.476315440686988,0.532617108738269,0.390861873264722,0.261419433654093
"225","md129",0.176984609,0.171920422,0.164639637,0.2004092,0.228094759,0.279520488,0.199236594,0.159233809,0.234466671,0.105962672,0.239121761,0.117805216,0.160198243252538,0.176219643483891,0.208724295034203,0.232144349357217,0.260033051650924,0.270305942428542,0.227669223193219,0.203755019656147,0.278302397762393,0.160978196068176,0.232340893245172,0.121365448477037
"228","md132",-0.002716236,0.05002933,0.035019329,0.015070255,0.010170382,0.045837976,0.107492512,-0.048492181,-0.040156801,0.042908813,0.125013953,0.036506455,0.102367645681137,0.111874193881906,0.12769372477519,0.132388571094185,0.14016544140155,0.12870939586868,0.166513272865213,0.0430535213853978,0.0949653146204068,0.131899066373966,0.192055804094707,0.10010937804884
"230","md134",0.553966877,0.439538116,0.510736263,0.603850026,0.520430552,0.413693269,0.282502545,0.291465826,0.339277909,0.302286558,0.579495956,0.55813862,0.378319808915602,0.338834355900637,0.399645056844639,0.411790751775834,0.476687280772482,0.374898755942184,0.332667061182491,0.300460001102195,0.359837550554712,0.336987615430056,0.453768127160008,0.387387556015357
"231","md135",0.235556374,0.19848048,0.354424461,0.263834077,0.561302532,0.319505768,0.490622397,0.42196978,0.427875314,0.522457441,0.375739506,0.282151187,0.344759720127233,0.318465871278404,0.404780787458723,0.354478113431273,0.522828732066117,0.433141562872158,0.427142327677971,0.44702264780163,0.484419651433075,0.546134930932845,0.441660793161621,0.339771718516942
"234","md139",0.188624487,0.250368009,0.319166436,0.486001958,0.59765634,0.544155539,0.34371588,0.510932715,0.549747366,0.62562224,0.511946589,0.261633285,0.150647458259655,0.149399377950381,0.2742928233887,0.357613841177033,0.479490976338366,0.424646010331032,0.341321321218229,0.375175256133096,0.43651929195381,0.502342776172229,0.374234955467563,0.212264991699556
"235","md140",0.104606143,0.074147916,0.136420431,0.238703529,0.356622556,0.257040649,0.208803507,0.299718164,0.342012619,0.447003986,0.288374198,0.145144527,0.124093492609939,0.118342844163467,0.181654798413589,0.241492301143108,0.338402793481463,0.233552301554132,0.118725191254855,0.217043444394497,0.242042410242496,0.384870930433846,0.320995237038186,0.162562662513388
"236","md141",0.460486607,0.409373862,0.452507325,0.370049186,0.537517926,0.623116165,0.619207179,0.634587205,0.661696709,0.656490267,0.589859179,0.428970298,0.376414255305923,0.357179985622403,0.416259744281852,0.366518852183823,0.507095833585405,0.483378033160138,0.467124894773654,0.490925770140429,0.531287232023392,0.547223969951588,0.489919011512893,0.386079820434373
"238","md143",-0.012625194,0.05721725,0.086847392,0.082946672,0.075936117,0.078289093,0.105809975,0.031055625,-0.003119767,0.060982922,0.105077132,0.050928623,0.0865222027324744,0.105739648795932,0.122868680245084,0.130973256911767,0.138226486332051,0.130996041093283,0.160572837161078,0.0525527054489134,0.0927477146753974,0.133756562980529,0.178885837274774,0.0942834192069953
"239","md144",0.088786369,0.058402855,0.049179817,0.111151107,0.103981299,-0.07678726,-0.002088242,-0.369074357,-0.030643438,0.041668548,0.201101188,0.1029311,0.119319011226527,0.111555317201829,0.158642571477282,0.208984235606596,0.290726006709087,0.181465861618638,0.111760522374198,0.12957671824171,0.194032384360375,0.313281845881286,0.294876809590578,0.158897393610257
"240","md145",0.171393477,0.178498204,0.186022227,0.245627307,0.379535721,0.236252626,0.19641782,0.172531144,0.237073992,0.362182922,0.325587174,0.219991231,0.119268839844307,0.111668260520645,0.150418061745874,0.198883089459674,0.274203049123177,0.171874199292445,0.158652029755204,0.109214926144286,0.1858062590656,0.296485057233322,0.265486159019481,0.153835778495968
"241","md146",0.200127733,0.184303012,0.190314679,0.21006157,0.221188989,0.241977333,0.184932447,0.154995089,0.197774528,0.08865062,0.210280726,0.147800336,0.160688420335194,0.172019865161737,0.202589436315141,0.232174642240784,0.24188024576669,0.248828424760843,0.259062781135494,0.182820718149303,0.282160615575629,0.147897533284362,0.216122676710724,0.121611698223007
"242","md147",0.085256746,0.051120539,0.178873087,0.214019217,0.338221662,0.121317641,-0.069350208,-0.002210685,0.073921742,0.343518159,0.172898979,0.05265513,0.111923141920469,0.109887240552781,0.211261159597092,0.263820038216112,0.347328314214575,0.217394032890828,0.172204054010964,0.149170732662265,0.227395772555288,0.364735442979515,0.281349889525002,0.129278965912262
"243","md148",0.244470004,0.141127266,0.267115775,0.301460055,0.189619598,0.233731613,0.158290068,0.150170368,0.194302761,0.1494102,0.275322548,0.189945888,0.230839016930801,0.193846208606244,0.269519570220489,0.290987031086299,0.239608376212937,0.238092448459787,0.258891114549875,0.166150199002234,0.289389237990744,0.213448780950338,0.337318414392073,0.232288085870658
"245","md150",0.317037248,0.260022433,0.312064217,0.309757953,0.203361084,0.209060743,0.214442993,0.214714445,0.350649905,0.251488014,0.33051716,0.307812557,0.319479853896291,0.258176448722584,0.282336155001392,0.31149241928964,0.341627384132571,0.316176163756567,0.282640813616818,0.281124103292881,0.339565441486988,0.304725386403371,0.389675367625955,0.323231847936536
"246","md151",0.265096482,0.282331008,0.367246382,0.365015254,0.482177284,0.694450329,0.553673386,0.352856265,0.432345261,0.247207389,0.395791387,0.29787357,0.195599025392104,0.222918370559286,0.29002745194719,0.301313104449706,0.445467185338951,0.477992984569246,0.367111080423498,0.331292948615109,0.396027825102285,0.408174376755013,0.365041213969303,0.2156333424231
"247","md152",0.306258896,0.297844096,0.359742562,0.416914371,0.443191273,0.403732912,0.283721292,0.383821172,0.440794339,0.470398034,0.417457482,0.339903291,0.19725409843887,0.232915268034251,0.312583036456423,0.388074600147747,0.48126954753706,0.399375542406467,0.273571728830981,0.394531574099768,0.441911696755558,0.471995760727111,0.356222650225026,0.234295998899709
"248","md153",0.344791219,0.383785565,0.446552695,0.398751927,0.556156574,0.630468102,0.711586478,0.547591891,0.63704471,0.645686387,0.492648527,0.389505976,0.266614097159459,0.280490698730956,0.349658207180687,0.35532685337733,0.480341091761882,0.481339718971933,0.420602725303852,0.397732381630352,0.468937361987583,0.48640850645367,0.429599722530498,0.311108850219
"252","lg1",0.10817746,0.110469754,0.206645101,0.201582514,0.2492702,0.076161086,-0.053972035,0.065170833,0.16616306,0.359163148,0.284239212,0.134697669,0.113038418722111,0.129055499946539,0.194882566857845,0.225871386946342,0.315835207132062,0.209930194359914,0.0896233370881658,0.178877708373361,0.236017788692992,0.390745266201069,0.256149806684689,0.166518935000176
"254","lg3",0.146721119,0.138383138,0.210396106,0.41092052,0.449547645,0.337511638,0.11055028,0.237309814,0.368276665,0.634301706,0.449912402,0.194317566,0.127978173975194,0.12899084007663,0.206298427551925,0.268237706538764,0.377745709727741,0.289921991144115,0.14173813125253,0.24633204325591,0.284649234925464,0.441370271345093,0.388666449061215,0.178870678675467
"255","lg4",0.12031953,0.125593519,0.127254955,0.152983607,0.236950396,0.06859344,-0.016279655,0.078465506,0.052712886,0.208600623,0.325671029,0.174976088,0.125384178422985,0.120521388764913,0.171848990316104,0.229941379566697,0.328184325143022,0.21224266452607,0.10787530289074,0.157627559028015,0.203584297455852,0.33695293812166,0.328751887743155,0.165112013513828
"256","lg6",0.00102757,0.104704523,0.311247116,0.245151232,0.175941662,0.302310736,0.505794104,0.342614005,0.490414112,0.326098015,0.331801222,0.04354645,0.0425792026735648,0.0718948709685847,0.176314059991367,0.254652540035113,0.260479737308569,0.250833635249636,0.321810233116739,0.220230624265073,0.349439062909408,0.264396866489767,0.266134537422814,0.0834392965955964
"257","lg7",0.224920062,0.242757664,0.418571151,0.301143079,0.401201803,0.44185576,0.116140197,0.103839846,0.195372774,0.513184452,0.316848572,0.249672631,0.322909812408786,0.307093859611736,0.403016403298137,0.378270647836555,0.477249315797197,0.430577207743766,0.344476824586903,0.337664561372215,0.408164509362142,0.503974072599738,0.419228085498224,0.326938697101646
"259","lg9",0.524693054,0.368132163,0.405000538,0.45532345,0.427923706,0.346771781,0.240464935,0.237800054,0.206346616,0.210223909,0.50352077,0.449112723,0.37278358745644,0.326759578372973,0.384679702501961,0.397118610126712,0.38363022465761,0.357717427968259,0.317571741630792,0.275863075269528,0.322274610678188,0.292090711298378,0.446583424769081,0.379263187509692
"261","lg11",0.251233852,0.293332028,0.385222982,0.414265605,0.571176856,0.528858087,0.439676389,0.538659256,0.532484647,0.576683842,0.429996553,0.283781482,0.237238298468252,0.257666999629581,0.32465076569389,0.328704820617572,0.463807208913508,0.454918234492659,0.319321546133411,0.380091544529282,0.409229360018334,0.481608081219583,0.392653006958755,0.255056837207108
"262","lg12",0.169588855,0.179532489,0.176312683,0.220477458,0.197768085,0.156378737,0.234218814,0.10477938,0.299225722,0.086595306,0.220205913,0.127659727,0.151090604990822,0.160749371315226,0.190906769524695,0.225101871076012,0.201600280133334,0.19265731469088,0.256666165620793,0.0961592521243687,0.269988898175855,0.143160575331465,0.209231070298193,0.123115956069674
"263","lg13",0.226999712,0.168431144,0.246302259,0.350098803,0.258798423,0.325438537,0.248439968,0.207357261,0.278200923,0.202707025,0.294150359,0.214058646,0.238578767850036,0.207344164944315,0.279774799965344,0.319857129804232,0.286130508260033,0.300261818320235,0.278124049272942,0.225601931986637,0.314573399762587,0.281349154484705,0.369190870911504,0.243504958269135
"266","lg17",0.206447813,0.229707321,0.271506176,0.287512134,0.41029252,0.463931865,0.411860724,0.32040849,0.348319832,0.195539417,0.341045947,0.196631786,0.174661674370185,0.168383512615345,0.192951048246844,0.203924542453792,0.252139818238852,0.262095439769544,0.210561802111618,0.171536596874519,0.190232667015955,0.244893077001069,0.310163947903632,0.199286016834377
"268","lg19",0.46501615,0.420077229,0.466813696,0.378804828,0.556452348,0.592380128,0.620790837,0.668758019,0.652011574,0.673910457,0.598859913,0.435546288,0.364531487537813,0.340871043428368,0.410642824216092,0.358708827661958,0.499966440962357,0.474637539387562,0.4647461543046,0.484832988582675,0.527268854689014,0.540092467288972,0.478052322319249,0.356024524306684
"269","lg20",0.243832833,0.287344591,0.381873849,0.360604872,0.533458529,0.44028905,0.461567269,0.434006752,0.558392174,0.562289725,0.379292268,0.273604436,0.218247505075937,0.243624233800441,0.332422513791785,0.338484450075487,0.435183381210492,0.33860402001898,0.367629140473995,0.290859692550552,0.413337280268286,0.403655107552597,0.365399879722248,0.232743806909928
"270","lg22",0.184356828,0.196108337,0.231318535,0.348966382,0.503793618,0.413965946,0.372549441,0.378630366,0.369262242,0.496985506,0.40985711,0.232421487,0.125487211172604,0.121046044282015,0.174964125685988,0.229645884280451,0.338582412631571,0.247043522029007,0.182290120161874,0.187092868024565,0.21654945188615,0.351662693696712,0.336362006759545,0.167904770740588
"271","lg23",0.355115327,0.283880215,0.468890924,0.269673996,0.566513815,0.557674084,0.645904594,0.431080028,0.639679644,0.572213259,0.453975137,0.395315786,0.298663982285268,0.245949366634767,0.310084814511969,0.279372377795115,0.411063964456958,0.35071428063908,0.289069132718628,0.306623672208909,0.377412709379227,0.455689316483038,0.39885955853186,0.306640578021507
"275","lg27",0.262334517,0.290570499,0.400243597,0.368512618,0.609950639,0.497801418,0.319890569,0.486071272,0.473954178,0.584444302,0.403595481,0.272147894,0.207486047297162,0.23255497679554,0.30384182096936,0.311480704471913,0.476341628020149,0.487509006502648,0.344737338407145,0.375421272273371,0.413366130846919,0.466228926131432,0.367846862545778,0.22172020382662
"277","lg29",0.183606255,0.207479514,0.332800472,0.306825456,0.3780579,0.143704683,0.201297232,0.135815764,0.431260904,0.333367893,0.282734247,0.208522777,0.264436578417164,0.298240301920147,0.353325006267968,0.374774781374876,0.407807314406736,0.30999847440549,0.303639248566058,0.299757087897042,0.416984367087044,0.38202449266737,0.351596003327375,0.264364361578424
"278","lg30",0.14900987,0.217560166,0.175829095,0.180761132,0.189600144,0.224802899,0.258929194,0.101977188,0.17517473,0.251920464,0.288806805,0.145719907,0.143139653805637,0.163902721786899,0.184989801198448,0.213600632976039,0.178976221919978,0.173242106929138,0.235420727658005,0.0607304014646428,0.178050015870081,0.152623232154768,0.229679473620604,0.115785073327166
"279","lg31",0.007132176,0.006596561,0.008060079,0.023564286,0.265430341,0.028303563,0.181393342,-0.015757328,0.216784747,0.083713889,0.080431371,0.014603043,0.0343213449034932,0.0545075444433202,0.125207841235072,0.179021381035135,0.251035049584903,0.18091371636413,0.190769650974782,0.104094383965918,0.229233080826294,0.164737570341366,0.192233411463462,0.0594937459527369
"281","lg33",0.028761885,0.054289859,0.128253912,0.157164746,0.05745857,0.043418753,0.038754386,-0.001974463,0.220389733,0.053870552,0.000849156,0.057785555,0.119295607776454,0.12464785644674,0.147020084620499,0.161895139362731,0.191784177310784,0.160671381202104,0.152698092778996,0.0670616889876298,0.156638999103396,0.148856706420849,0.198590513025741,0.100957168391879
"282","lg34",0.403216986,0.39054523,0.436252854,0.351276636,0.469629413,0.467481238,0.391832578,0.383376164,0.605790388,0.598762852,0.493734824,0.423887303,0.312217346162305,0.314267679173968,0.380653632844207,0.335597218569102,0.457931225914355,0.46150609305392,0.394557561714761,0.40312502466176,0.490088981869682,0.478982977612005,0.454272521025465,0.328529450895463
"283","lg35",0.200881968,0.193940507,0.33942259,0.428356786,0.561003297,0.571433008,0.513321538,0.518386396,0.568122753,0.615433295,0.460178587,0.274440955,0.155437373309565,0.172336901141913,0.2899905554103,0.338125025897463,0.474823118034937,0.424497094560878,0.360268120027471,0.373838503503049,0.431883430633891,0.482954780844139,0.378363534508597,0.20926309204873
"285","lg37",0.050332977,0.019514847,0.031399127,0.066324578,0.036306518,0.044726309,0.040641037,0.035522147,0.017430231,0.043180999,0.094275419,0.124847063,0.163188710602521,0.129216386046789,0.158287469685622,0.16293080906128,0.171894818224009,0.158227960544918,0.16447457469335,0.129786447299537,0.172900501394181,0.179427694978322,0.220069572414162,0.202203122944911
"286","lg38",0.000775592,-0.014477094,0.069102666,0.136946748,0.23531482,0.052471738,-0.024326339,0.061175079,0.010487547,0.303347778,0.13779278,0.05927997,0.0339877871748918,0.0516413544287625,0.141738649553369,0.263733852873662,0.365445353251228,0.255425780843853,0.16798483793786,0.232681800687773,0.246707915366361,0.391562800702669,0.246319973590294,0.102074424237074
"288","lg40",0.054237034,0.079906433,0.139588291,0.117478606,0.088936498,0.098886269,0.25878221,-0.062017693,0.063697598,0.198883166,0.222842579,0.047430495,0.129012629967089,0.131777972573775,0.144064176326554,0.144992463653895,0.153653338115044,0.156306739019188,0.182260682658712,0.0487041158292189,0.106049031825851,0.173032151715256,0.255573903998038,0.136044583170789
"289","lg41",0.040635027,0.055641211,0.093149605,0.058493136,0.131612968,0.110899812,-0.04907783,0.032996581,0.014489078,0.232387626,0.177966781,0.068626937,0.126027355551725,0.129079768507591,0.192312099958057,0.2287017714243,0.322154427633107,0.238436348712143,0.114272445642621,0.183124910977086,0.188883109210298,0.350504262779936,0.294079547624523,0.148139351035805
"290","lg42",0.017832802,0.01907309,0.02076103,0.021916687,0.011237152,-0.013354585,-0.041158272,-0.009890438,-0.018844283,-0.011270045,-0.007445317,0.005259452,0.175732315030769,0.170069868956596,0.182423657249755,0.159874184686745,0.243950217478876,0.211609662798955,0.103747231580526,0.165637764448986,0.153797340463073,0.256841699907577,0.244102772489948,0.19746045112961
"291","lg43",0.140775995,0.181835171,0.302635939,0.437619866,0.478611044,0.384552273,0.289800412,0.354988747,0.424443141,0.525067996,0.409559935,0.21768317,0.166320200440669,0.189625684124795,0.306619249722677,0.389111461874843,0.499147966370713,0.420380074935564,0.327634809032248,0.401798615647299,0.454574863106927,0.507338418600537,0.376881221095623,0.214389333395271
"292","lg44",0.191209039,0.199430958,0.279755108,0.344610467,0.438567815,0.381054902,0.252507974,0.322521584,0.350123625,0.469906654,0.339491059,0.257035112,0.169053611679645,0.184910897189929,0.242454396412671,0.299094419993904,0.403222425395618,0.331434631947442,0.240342604355577,0.302856084848792,0.322697559137044,0.438962139349395,0.336289103185781,0.20456756687069
"293","lg45",0.338800249,0.276873597,0.232845133,0.241041069,0.225720377,0.292492024,0.347437645,0.284645684,0.433185198,0.347333699,0.419570221,0.281146688,0.199118206968691,0.181308788653003,0.226630116446463,0.211594296644393,0.221632499602019,0.214467629550171,0.261157069555779,0.201294125293367,0.30992285432966,0.253005499745761,0.29296439353751,0.199984354989719
"294","lg46",0.350020478,0.220211237,0.23583082,0.23232873,0.126873387,0.236787688,0.231401171,0.205439103,0.360499578,0.371847143,0.397816078,0.476307936,0.203744180979109,0.170806864019999,0.197936554631688,0.20265302967476,0.2006207338511,0.189989655871874,0.180477337489753,0.159492233198002,0.241398436693063,0.264551677136246,0.271699926268092,0.268510061414663
"296","lg48",0.314510938,0.342402158,0.34360323,0.307834131,0.275131547,0.256171884,0.387068167,0.305794415,0.370664879,0.294783771,0.434486064,0.392780468,0.199158874378799,0.216253488482624,0.339586559878475,0.316912549028953,0.317312416449122,0.304513509224608,0.374765631017308,0.317257201377668,0.397108172967765,0.304262000863515,0.426178174166538,0.249763691500462
"297","lg49",0.013797234,0.073442064,0.086111706,0.06747367,0.238205427,0.182051253,-0.104483,-0.039377852,-0.09286939,0.189245147,0.190905613,-0.008788214,0.236806603738359,0.209447714718222,0.22204959237003,0.196388608629675,0.327270358365313,0.308661916634466,0.202689753230959,0.240102281035608,0.197276498828253,0.324091021404695,0.358489444980155,0.224213583902497
"299","lg51",0.246027213,0.256251232,0.258673849,0.271207306,0.334445547,0.414771051,0.320373314,0.251421953,0.334852097,0.277270628,0.362729632,0.290486515,0.208292627306302,0.193513245686009,0.217329717515625,0.242819677914677,0.224546325291742,0.242097603689442,0.271636052453695,0.117725521125563,0.26440826119044,0.211470027224824,0.304225818131104,0.190710146827095
"301","lg53",0.181903093,0.1658071,0.138859337,0.089295226,0.18925824,0.097807137,-0.055287473,0.013626885,0.025600258,0.132173853,0.154303352,0.167104914,0.222207271522721,0.19652845425278,0.199614244590338,0.165884853952657,0.258843239204499,0.23779804445127,0.147331127535437,0.194748905826525,0.184115177389126,0.26181522781809,0.258097793080202,0.224314346405879
"304","lg56",-1.38e-18,-2.93e-19,0.087504796,0.46028022,0.4157293,0.406150514,0.393400049,0.499411798,0.53265857,0.333592767,0.275645308,0.001732465,0.0376046790594852,0.0599699323987523,0.164436070594474,0.331628246249215,0.356590307600227,0.305147387526674,0.334209370908079,0.301981044063307,0.423713204336471,0.304570563675134,0.285281120771601,0.0758963230688947
"307","lg59",0.266608103,0.263142772,0.35668087,0.301099477,0.469731674,0.393408208,0.409306679,0.397218373,0.396367294,0.452347209,0.351642064,0.338238106,0.351500947431223,0.311598573846736,0.394479099824086,0.342243621359804,0.430708885964701,0.364939309652188,0.37185018528124,0.328928578233279,0.416212277202151,0.429167180057409,0.431144521663381,0.355754374487188
"308","lg60",0.412189347,0.303614191,0.340336255,0.501573951,0.513835346,0.32677532,0.297166895,0.324450832,0.302380993,0.308345066,0.479764671,0.345832902,0.337938053433627,0.275603812338761,0.308960841885029,0.356314033278114,0.389884239203838,0.324208944327728,0.242332109392345,0.248075112906786,0.299678028580015,0.310064650968435,0.426854225117312,0.315424884458683
"309","lg61",0.179776171,0.200535777,0.240006545,0.227977475,0.152417006,0.162510977,0.202644255,-0.047228093,0.102678883,0.277135297,0.328930824,0.158989653,0.173454814983327,0.161776510952105,0.171938701706565,0.169869092329852,0.185566947500597,0.190954322121547,0.184840614050918,0.0594330598856766,0.119029012346803,0.24983531893432,0.314259048433618,0.191094175168939
"310","lg62",0.109825668,0.147599379,0.20398797,0.213442877,0.295040918,0.345044189,0.284772161,0.334967622,0.353910309,0.422599086,0.245841998,0.080152065,0.163958415373023,0.188878372806654,0.263062796218388,0.282402887716184,0.3553392488308,0.325372283852659,0.289820918421422,0.234062528228147,0.334282203271048,0.366595404453234,0.302114820941444,0.153829479270902
"311","lg63",0.322464433,0.265464307,0.299233598,0.398651591,0.49789191,0.537741068,0.472137369,0.39440029,0.599868094,0.38709447,0.427838534,0.329161657,0.241868509707361,0.232683274945888,0.286015850031223,0.317875246314118,0.356573774556431,0.400105701940153,0.33908135833771,0.289025221772596,0.393947435435844,0.328522623879631,0.371710423794939,0.260515135551136
"312","lg64",0.036182781,0.078027455,0.200713943,0.314981436,0.412941492,0.267435329,0.180175244,0.201278352,0.218284894,0.375586962,0.230607099,0.103968159,0.0440878722036487,0.0682593696024472,0.159050062041583,0.261304806934398,0.380495414952094,0.287091889743342,0.185483128591458,0.252628093616581,0.261338739682713,0.395838724143429,0.258623057284054,0.109811248889591
"313","lg65",0.177625353,0.172719941,0.277476144,0.348568964,0.519017735,0.443087625,0.286509066,0.274412123,0.298420655,0.457694162,0.339276863,0.195901646,0.159645415088955,0.172467409849822,0.274291165549221,0.324106654207111,0.38477898597655,0.332229961539129,0.232667764470199,0.243969965026867,0.295015647165639,0.403625915367163,0.322631369312999,0.181201717205786
"314","lg66",0.256872013,0.288033504,0.365420359,0.358842114,0.585665872,0.617073766,0.569108979,0.582203453,0.596227498,0.588431474,0.463436471,0.320286356,0.206793393113088,0.234489344151986,0.311781819616389,0.332527571992803,0.477702344593158,0.493383055675922,0.389647819945828,0.399172864218833,0.447605301039264,0.470480417771906,0.394441364695567,0.237636098605713
"315","lg67",0.033915482,0.017788475,0.092970869,0.148735339,0.275984423,0.117142361,0.028201207,0.118418873,0.067711009,0.314508708,0.145826229,0.0782542,0.0363678397500171,0.0537877769656369,0.169077542275331,0.257928767996172,0.366861487777208,0.262857739845835,0.171453962348781,0.231678231516195,0.240755709484851,0.390238381829596,0.246734025749926,0.109171281822973
"316","lg68",0.289472422,0.375547705,0.384724077,0.291878028,0.55416035,0.655257173,0.706963679,0.629464214,0.70602968,0.624366616,0.552566008,0.330903329,0.328808045248075,0.323065340173799,0.394149325873205,0.356031561069913,0.504153472568428,0.479063314598186,0.433055266549088,0.476608577735006,0.530628080976067,0.544839317659526,0.452669227009471,0.34377459800995
"320","lg72",0.19312263,0.215264577,0.344000957,0.402145033,0.559367148,0.517684238,0.420516321,0.518370407,0.531040437,0.583108303,0.449632597,0.223230278,0.15681197759073,0.168816389449883,0.276851903981018,0.331166119703291,0.462850158154418,0.35782795292465,0.295367385466163,0.285929529533417,0.387641117717125,0.446508113409104,0.32707421577102,0.181443413077921
"321","lg73",0.085413244,0.126623253,0.22883066,0.308789279,0.434087575,0.329168349,0.270627891,0.307380039,0.306863722,0.427131193,0.308490263,0.176105812,0.0425516674524003,0.0672214897365844,0.157607756402486,0.261836075305905,0.381751174314565,0.286583876500839,0.184459218215281,0.250879741894867,0.256819755666153,0.396098676913047,0.258288436729808,0.108891300527974
"323","lg75",-0.001280569,5.29e-19,0.019801938,0.419623632,0.593601602,0.546474466,0.531475188,0.55453682,0.585214587,0.536829691,0.173879983,0.001332216,0.0566437897914048,0.086249297311298,0.158779211169721,0.425584063905319,0.499570296271568,0.421633414709193,0.361863483501798,0.382917523502157,0.464398756867772,0.459884198957241,0.283870620084054,0.105896630844244
"326","lg78",0.380374411,0.264483897,0.279340557,0.297158531,0.322328356,0.387118772,0.395176216,0.325139666,0.525161429,0.33590668,0.440640756,0.253063283,0.2612719493622,0.213281797673478,0.259744161916245,0.277482819152937,0.257357199215625,0.284471721891643,0.295856805457956,0.246362942930725,0.365115936156074,0.266181926594513,0.358244889273087,0.210497921910229
"327","lg79",0.013818962,0.0411213,0.137631327,0.245397121,0.381239459,0.238512866,0.094525996,0.166110846,0.150058186,0.391098817,0.243146558,0.060605733,0.0407009257285347,0.063644246728269,0.155388363027822,0.259565345867798,0.380945918872738,0.281631818940054,0.174651794592884,0.239154688723288,0.250637796662119,0.39628308892078,0.256746217684192,0.106709026907745
"328","lg80",0.161498615,0.196514045,0.277521233,0.405633966,0.543583906,0.45885211,0.299307891,0.445257639,0.513179816,0.564617345,0.406780521,0.216506297,0.152878028552501,0.152327201842916,0.268834433132559,0.345365377358211,0.464347411630309,0.386852951879613,0.334032204280877,0.358668248628728,0.433014447145104,0.465153583854987,0.364542234256838,0.204246266117354
"330","lg82",0.049617443,0.216801078,0.553784894,0.438006124,0.44905988,0.394709818,0.405128838,0.381015864,0.199449262,0.380148228,0.627352563,0.25238788,0.146516959408803,0.193530816656151,0.368071644811579,0.345505798544215,0.372717410820238,0.316978838597887,0.366904764949058,0.330202148028971,0.366529957585512,0.387914140802863,0.429183832622567,0.227057744915142
"331","lg83",-0.030732206,-0.00975012,0.009253928,0.054882712,0.16503325,0.129985142,0.235881586,0.062916961,0.152851595,0.053572608,0.073812571,0.003988852,0.0578448153908083,0.0860949382088427,0.122339948431483,0.152519861823907,0.166054245981461,0.151604519823805,0.190334140278281,0.0713253488877906,0.165653841568947,0.139250633289377,0.178892394509926,0.071979436342705
"332","lg84",0.236771931,0.272876839,0.355763655,0.378429822,0.561704567,0.53484499,0.42591823,0.450794467,0.541187456,0.557992118,0.391966996,0.319843831,0.168954457122051,0.189552751405465,0.287340034299564,0.316647932041549,0.382987636422033,0.331127197952881,0.286491307836773,0.250801735017226,0.354815920970339,0.394179313486505,0.325894228851123,0.196238188202632
"333","lg86",0.366187692,0.300005266,0.322953753,0.334874283,0.374396053,0.399279033,0.389422354,0.376480674,0.573816656,0.339501823,0.485103603,0.275639954,0.263541102590602,0.216267417482798,0.265472689145707,0.281973505518099,0.264582768298786,0.284108496027048,0.288225733889732,0.24827779131033,0.368964516435359,0.267621932803434,0.35976652521173,0.212226802201161
"334","lg87",0,0.034233445,0.602138895,0.372260471,0.473213329,0.379948441,0.414305864,0.532964351,0.609437005,0.477057523,0.610779844,0.096949189,0.136877963716738,0.179529853563859,0.38021171288898,0.343201356391812,0.369199288629433,0.329723952579156,0.393682798003047,0.370231747133112,0.440358638726359,0.393425484558152,0.436300605713134,0.207699294239656
"336","lg89",0.012346323,0.016981491,0.060565402,0.156190672,0.307619278,0.230217442,0.07914542,0.145914536,0.12138578,0.390582231,0.223251685,0.083149023,0.038505988844431,0.0615572052156248,0.153794684246275,0.256025112809401,0.378886731904195,0.267085101295335,0.17125597908077,0.22869610331704,0.241101525788355,0.397203285018843,0.253006513934668,0.106791152168523
"337","lg91",0.16083901,0.196765397,0.267855715,0.382798328,0.543582745,0.445552483,0.354648454,0.432318775,0.404568936,0.500794419,0.465492487,0.214538253,0.132635886943212,0.129111886328023,0.1929350411331,0.260284079397124,0.36668164419462,0.280269354570249,0.1797440907917,0.21347678569407,0.254365845217472,0.369076282866453,0.364081526455134,0.178860874370391
"339","lg93",0.168496551,0.190909571,0.187375145,0.31137982,0.465391318,0.348892281,0.300270782,0.322132708,0.333988207,0.431530214,0.237415796,0.239477665,0.208400534315727,0.257453772764891,0.296305920322755,0.36768381172375,0.498183823930968,0.374558551879781,0.346817408689926,0.360574657720335,0.402656359290873,0.479291111873436,0.341658531295431,0.249125351047875
"340","lg94",0.047720221,0.06842991,0.068700608,0.154950265,0.043111229,0.061558471,0.089442766,-0.001938693,0.00238747,0.038629661,0.133731857,0.239532103,0.183774870016728,0.163213055630491,0.170759416181926,0.183968921873463,0.209068145122335,0.191847270486666,0.174530896174206,0.129742334790395,0.191834208376583,0.232156563994119,0.271022061412126,0.236600848777352
"342","lg96",0.256212862,0.222007273,0.322033576,0.324750763,0.184340323,0.192358811,0.165615769,0.096423108,0.295148211,0.235377733,0.243027744,0.230932595,0.236118811452692,0.215182242556707,0.296883831391779,0.309880431322329,0.268400149526038,0.26396481227506,0.241893796344555,0.172663050555779,0.305689455623892,0.256784810271956,0.294928773380044,0.213985908522934
"343","lg97",0.341495429,0.317516448,0.295960594,0.260761691,0.484864064,0.51520286,0.408774814,0.509145952,0.420473483,0.443322918,0.419340256,0.32242627,0.30912027323343,0.256730045371207,0.247667110918455,0.206648304344755,0.317808003968687,0.307863557242996,0.253084270084124,0.287366714831536,0.248993542241701,0.334874844330269,0.330191061709434,0.304397167186845
"344","lg98",0.104377462,0.199206955,0.366303609,0.32231673,0.44961227,0.20732069,0.628148028,0.337026848,0.507104556,0.379666964,0.472285471,0.191490005,0.154499499227656,0.182399005712446,0.312236395174678,0.291019108903697,0.324342665402526,0.229435973242299,0.394228468641448,0.226961390326199,0.392078388256095,0.303235841958216,0.390536832743438,0.199472885687176
"345","lg99",0.013690762,0.016875578,0.059950017,0.101057462,0.23931394,0.07617082,-0.097822241,-0.013238066,0.062568294,0.216295611,0.148288553,0.036319181,0.104108912629576,0.103201289705181,0.168274758748732,0.226710994363143,0.34016093450952,0.240772755771806,0.111523212285293,0.165047491508855,0.200413892159475,0.350137927365987,0.292997713999927,0.134042689731938
"346","lg100",0.035748588,0.022856604,0.092722253,0.326798892,0.41595398,0.322390814,0.379204798,0.215340037,0.439832161,0.11985727,0.161017782,0.039803707,0.0334441180396682,0.0552963957472666,0.14037744125131,0.248420262918119,0.274007880124404,0.213721708756794,0.291130437829831,0.127680443310037,0.320335876108216,0.178587611620613,0.203658964787494,0.0580447196458357
"347","lg101",0.161316959,0.218918123,0.312953266,0.361303853,0.518094937,0.464939681,0.433752046,0.643676497,0.543498718,0.616233051,0.367711256,0.260090088,0.159705923378744,0.174085005057307,0.236985424521528,0.275529706268616,0.391253127387931,0.318690318744844,0.221395465440282,0.29516058392697,0.317412473425735,0.436810278631624,0.329801202026809,0.196002734064869
"348","lg102",0.049466928,0.061407382,0.303626346,0.287436953,0.295394231,0.368878612,0.299355019,0.314381805,0.41507166,0.239435542,0.308846038,0.046698592,0.116331554360828,0.129662478680353,0.239666699344024,0.27397168971299,0.306504839396912,0.309733568889271,0.304701881966431,0.265636284756831,0.371074767690406,0.224711241020635,0.269292522038577,0.088642175843901
"349","lg103",0.256558639,0.277191551,0.364627699,0.367373671,0.5436992,0.314724607,0.38465212,0.504036055,0.519504453,0.601843541,0.401562876,0.296750477,0.237540835893889,0.276838647272696,0.367244175306914,0.377884288902433,0.524806563361671,0.418880461213819,0.40509502595924,0.45633086264467,0.503484942417265,0.553349581664153,0.403517353126237,0.25964504724968
"351","lg105",-0.035340496,0.007554495,0.011726171,0.021378762,0.070672814,0.10816432,0.109052499,-0.001527351,-0.048661653,-0.051924614,0.061487172,-0.014045871,0.250294972998599,0.209519012988043,0.230495831591419,0.191999282799598,0.295351770914778,0.263937485802334,0.202192317951471,0.229398323527597,0.221149696878871,0.338002217566013,0.303193737100959,0.244988462507294
"352","lg106",0.243140709,0.245097591,0.29020381,0.3680242,0.541170811,0.387267733,0.334430655,0.389852899,0.509757941,0.521268206,0.341390572,0.300638057,0.220754335021964,0.276995791624505,0.332381490876127,0.380362192237494,0.519895688094297,0.407984650625077,0.372892786024658,0.401264252589288,0.453926498381766,0.521583995547541,0.374605290814564,0.262475115223797
"353","lg107",0.330621567,0.279174575,0.373700918,0.346568373,0.255883497,0.243910919,0.196182198,0.174858332,0.326903842,0.316510227,0.32239076,0.331371731,0.250513727567845,0.228460397755912,0.306235414475468,0.323403675817917,0.286346659412104,0.282214473331273,0.250666321391492,0.185499300076658,0.32117167648064,0.279016008508515,0.33542607089768,0.258284019205068
"354","lg108",0.109161055,0.164435413,0.225690915,0.271316563,0.459313095,0.273799297,0.201282935,0.213969969,0.260489268,0.41389479,0.329348734,0.17113885,0.131818608445681,0.151917557078955,0.252293169956357,0.33167960645924,0.455127927228344,0.304480627976088,0.281027322263,0.259413299589946,0.360309026518119,0.436388343792397,0.334234342445868,0.178274510117836
"357","lg112",0.147943062,0.18585258,0.310889978,0.297130051,0.204458545,0.197909679,0.126168804,0.145150067,0.200344657,0.161183705,0.276048453,0.169752363,0.162771122919984,0.183409433313452,0.27082320268131,0.262118583379032,0.24244407014931,0.229068246130951,0.183907400632238,0.192420136878316,0.262258063848854,0.213224611258673,0.240529938009501,0.151339071798506
"358","lg113",0.320270086,0.343615366,0.379893901,0.412014578,0.430362829,0.435781902,0.393462724,0.392597335,0.595295787,0.325521385,0.481664338,0.243851416,0.205544026426551,0.203860208548677,0.308082912774773,0.332195830287408,0.325283833759984,0.324852348309057,0.306227745229609,0.299961098104849,0.3993993038297,0.268631659666953,0.353605144049209,0.174959009505713
"359","lg114",0.315964887,0.289037417,0.356781884,0.307392982,0.495518602,0.596255762,0.524753221,0.554545223,0.663938763,0.581192992,0.458538127,0.25165659,0.308874575677349,0.312832418285638,0.383489165462993,0.346938631324681,0.492441555728428,0.465780613185898,0.435722711947217,0.457396316174326,0.509759233301508,0.533663225980592,0.453481460858753,0.302258383300052
"360","lg115",0.42676685,0.393628002,0.434405145,0.416381521,0.615327181,0.508971854,0.491945915,0.612023508,0.891896331,0.43425885,0.479519636,0.357402797,0.334736737220697,0.327648255477226,0.397206926728575,0.383426076264992,0.512508437998509,0.462499104797896,0.422922312729861,0.478295480928951,0.535556705613795,0.508677508712912,0.456576651676616,0.337036853542201
"361","lg116",0,0,0.006110205,0.544732764,0.552955245,0.40547911,0.417511573,0.484740614,0.521492569,0.440843817,0.180784481,0.004975218,0.0562789619737347,0.0844343767916901,0.157977179890848,0.432733798546786,0.510139560999021,0.415299826264966,0.353636828650741,0.389680234759275,0.470342441715549,0.465015633932222,0.278618231803203,0.105525219708943
"365","lg121",0.189202429,0.230481141,0.319912334,0.356314905,0.317060141,0.15526107,0.221277323,0.225974696,0.429041105,0.319303763,0.26322769,0.200721313,0.15770368805583,0.183858742429411,0.298193276037476,0.276847330589616,0.288557147375328,0.23965216944726,0.246276953251274,0.219121965108616,0.35320688604599,0.315229348600117,0.303836359146009,0.191357376731363
"366","lg122",0,0.000190885,0.031516361,0.318635507,0.597785694,0.324038458,0.220532218,0.357315844,0.349275648,0.414127964,0.201171479,0.009149649,0.0349853118271973,0.0517024190368249,0.133606400251405,0.34275870832481,0.457281807720739,0.301077637736381,0.261976428297341,0.273903972897639,0.365000281246823,0.418551565195131,0.250000860232212,0.0712520994686235
"367","lg124",0.248429611,0.274925621,0.324429304,0.331170297,0.365569876,0.439202206,0.378413525,0.217926433,0.339726332,0.356382442,0.396788318,0.272054128,0.219972423729668,0.210778415941432,0.25426604514461,0.279128119624698,0.280955319982068,0.316042183712217,0.253721489787605,0.16671238227758,0.249897434765914,0.271016045305701,0.340359472354665,0.232285344468196
"368","lg125",0.170131365,0.20872431,0.297889766,0.320827151,0.460086892,0.310466566,0.225876305,0.239480499,0.359728924,0.460841395,0.328442807,0.213294912,0.177726880451379,0.200271078798346,0.285359724873449,0.363315720348179,0.471175908084055,0.371086494990114,0.25458584595663,0.337702822041648,0.394135719327254,0.456813060830325,0.328136287170609,0.202590498935163
"369","lg126",-0.000584343,0.047256118,0.561638601,0.444283558,0.441009458,0.433356388,0.699491812,0.424305654,0.585994878,0.45293157,0.537853247,0.079303227,0.0450869088240141,0.0951448785803554,0.326884791917914,0.298643820882734,0.311024689298173,0.271708172134664,0.361125619851344,0.249660978736697,0.388199916239134,0.27962580901802,0.355183277124829,0.0901851233210586
"371","lg128",-8.52e-19,0.000925814,0.066135971,0.363206226,0.529144745,0.367940011,0.282684631,0.402320124,0.306497638,0.532734887,0.290593474,0.042923917,0.0344330464105081,0.0514176858814773,0.139586003411064,0.318709807860367,0.447064482766306,0.334119038508234,0.232076341632822,0.300712218500795,0.318843264837625,0.443109631549384,0.280602254892638,0.0766921075389105
"372","lg129",0.253312175,0.189859325,0.250594403,0.404505139,0.326931784,0.349754762,0.294544381,0.117519498,0.301342471,0.202706285,0.329403507,0.201779967,0.239966907966834,0.217831799189439,0.287442145888366,0.331338313872277,0.321559793136458,0.307327815184914,0.273205626123051,0.178960810346925,0.309082068017152,0.283541585983793,0.338268616278473,0.241388081142122
"374","lg133",0.103527419,0.126021849,0.192646318,0.19108968,0.371845939,0.262002415,0.20257188,0.092909541,0.253915626,0.368690726,0.219767751,0.065767429,0.17053103135417,0.194858653077193,0.270350480607139,0.2884216307371,0.44255473346991,0.349076203425946,0.29276840795244,0.228299385485925,0.357794021181032,0.418515024886674,0.309381400570195,0.16778120517057
"375","lg134",0.036234155,0.030661963,0.056899316,0.14416933,0.082380421,0.048163793,0.025907916,0.027295195,0.054434485,0.047520786,0.068441796,0.046829521,0.15107678013215,0.171246862103037,0.256632312212753,0.282394245287943,0.275643329109789,0.253359374353518,0.228285231860294,0.211402403692588,0.300556722578013,0.203839189438908,0.254459500981104,0.142464468455098
"376","lg135",0.196040085,0.285559307,0.398721373,0.289595106,0.401545509,0.294842985,0.451455335,0.329290801,0.504820234,0.437914106,0.579184705,0.338533635,0.180391357998306,0.213946430470392,0.335429031652884,0.297390521892732,0.351392192113277,0.297832543297717,0.394920622792303,0.305010336611467,0.409873899633548,0.367311786967402,0.429200398665782,0.241293352000575
"377","lg137",0.19499311,0.1930514,0.185018882,0.099146889,0.089237982,0.146572845,0.004410389,-0.022143119,0.195499921,0.243920968,0.203433309,0.205701533,0.180190606592887,0.180503435391404,0.293655093431031,0.263373921540168,0.262454390272573,0.234761346798843,0.252318731077061,0.185528371266645,0.347779165636876,0.314790859785967,0.314500562575339,0.202575019167797
"378","lg138",0.249692201,0.260846451,0.362972314,0.337045456,0.388762601,0.476028582,0.405382579,0.280302488,0.385921148,0.317426839,0.419823131,0.28386296,0.239770570863238,0.229151014353669,0.301256830912595,0.325328578290323,0.319214314924648,0.334865110123397,0.311553360291614,0.206314884643115,0.358480350458493,0.285633337284551,0.360309490397501,0.243456723844184
"379","lg139",0.07998765,0.113610661,0.162779796,0.297200479,0.449274279,0.312897057,0.131607413,0.196906916,0.227230288,0.399325924,0.352360497,0.1584805,0.123956612251569,0.132307616271219,0.225524101527385,0.321833980964439,0.399409774270263,0.309764090546176,0.19404584205133,0.227933040412971,0.307170528525627,0.415968709429897,0.325877029028883,0.175339663734766
"380","lg140",0.202857498,0.270704563,0.339805348,0.398567956,0.529281272,0.427305508,0.31335639,0.437401131,0.515821995,0.555437543,0.404345689,0.245082091,0.196559150315057,0.236457812968737,0.307856141016722,0.38629148831712,0.511543566488961,0.414004018927169,0.328197429637119,0.397990960928958,0.461321925441093,0.503905185090106,0.362103998387333,0.234080285185976
"381","lg141",0.229973671,0.207206148,0.296075601,0.269211335,0.530196118,0.173536001,0.377659037,0.236767455,0.418536963,0.437713817,0.25134073,0.200434407,0.208169429838018,0.238015067220059,0.331498141275795,0.356187251067971,0.46393523514976,0.312477730638663,0.360598323414483,0.298513534082138,0.421097328585955,0.440817156629547,0.355443302547796,0.224610210525013
"382","lg143",0.086064411,0.131812702,0.190486861,0.208669384,0.368539914,0.284770578,0.195410805,0.164727137,0.308016412,0.384180268,0.236327563,0.139449989,0.178681457319629,0.206250776575465,0.27891281312905,0.301529134030012,0.444479734917983,0.350358279812462,0.299693915789553,0.245310527596067,0.375431158413567,0.42242722312691,0.313930413773051,0.18485461253373
"384","lg145",0.189300329,0.218499833,0.237695623,0.211030418,0.218227314,0.296721164,0.271793986,0.213398257,0.374509948,0.300563277,0.407863117,0.270948389,0.135919114763128,0.131042616676422,0.212296900130509,0.272551211896884,0.282524311858453,0.27055033635511,0.363063329915431,0.236134868965901,0.389060634152202,0.266605114877319,0.369633825382199,0.126255258393448
"385","lg148",0.241954228,0.215167778,0.305788644,0.266790925,0.25103788,0.157340223,0.096690433,0.122639554,0.363884344,0.336449248,0.282075227,0.223974157,0.202592202906594,0.206161124810977,0.315537539675601,0.292180829557744,0.310413068144376,0.279485662569049,0.262071211083512,0.219140428586269,0.372683397969286,0.349557951900361,0.328491471430314,0.227265964689547
"386","lg150",0.012491995,0.059704875,0.230992876,0.345847899,0.534862385,0.350864804,0.166072302,0.079557832,0.345392666,0.562752055,0.249640134,0.087400038,0.0548201499200511,0.0776363198873038,0.219413611988096,0.310592925474936,0.398061708225452,0.302190327720943,0.163866258712915,0.219830100900571,0.335063827197405,0.424098005009378,0.283869817372524,0.116805004796039
"387","lg151",0,0,0.046392489,0.434453522,0.393282318,0.244696756,0.27026762,0.328528066,0.334771363,0.319253747,0.202074705,0.010365193,0.0602734181918524,0.0786999731198154,0.144602425907293,0.399585149442278,0.440269667897952,0.299280372366407,0.291936305034239,0.285047830721197,0.386960617879497,0.405109519643575,0.268719462210357,0.102012806542363
"389","lg153",0.095851998,0.164234332,0.335606656,0.438625335,0.407356955,0.260253288,0.367237063,0.221308972,0.438055477,0.164024417,0.292397423,0.03625367,0.135431682187636,0.167612222570351,0.264315121396764,0.303719356110092,0.331619067240268,0.241139825969599,0.232364773274072,0.212738404835001,0.315909596377239,0.251083144835811,0.241196488986149,0.123364235503404
"390","lg154",0.32144876,0.283116801,0.35011791,0.29431053,0.231785845,0.164170718,0.53401412,0.204462609,0.293687048,0.391642527,0.425003904,0.340806441,0.183164142115868,0.195816117633411,0.318033416023477,0.30640106959609,0.293618087144794,0.245406419859647,0.380322212986346,0.223669393391976,0.36857945856977,0.332587134101039,0.378872599415629,0.218354414655482
"391","lg155",0.057282244,0.127815444,0.249094086,0.385410554,0.481571238,0.338258163,0.254540156,0.372942801,0.366529589,0.433818577,0.331125845,0.185452628,0.103131374544713,0.15917336732629,0.290101218577158,0.398339015891548,0.497710340371741,0.404498949290094,0.327982234526688,0.39173101549475,0.446683599736683,0.480459629941341,0.332526749179904,0.217652226790479
"392","lg156",0.132085218,0.088663097,0.175850651,0.209246072,0.232354602,0.306178244,-0.057640538,-0.03664626,-0.020250712,0.240272679,0.206646087,0.025693464,0.127396084231237,0.125101222115242,0.172012553313573,0.215428375612081,0.235083507336504,0.231799036368895,0.159542097984943,0.0911605939624939,0.16703322133792,0.220053680784769,0.227622516666849,0.105561030428384
"393","lg157",0.019447249,0.027317442,0.111780154,0.115790681,0.055686056,0.02118596,0.002474076,0.060268839,0.019073108,0.058010983,0.080794914,0.010214682,0.15309417258743,0.167078621582061,0.253222962340166,0.261537175735724,0.241532689524921,0.21187831166617,0.188979455081824,0.170747497538024,0.268179511784891,0.191753502343844,0.235126528523997,0.136749545379744
"394","lg158",0.26139778,0.257227583,0.333278841,0.381118553,0.376018863,0.4437556,0.377811548,0.29518646,0.463957216,0.219153199,0.444784436,0.302222685,0.245847705642569,0.23813734356272,0.303469920447143,0.33421266228726,0.329159460704907,0.333867312540159,0.31635077280203,0.221508426392746,0.379191289729879,0.287692760722083,0.371182426907515,0.257054794701534
"395","lg159",0.439552278,0.423152664,0.405961367,0.554254898,0.460283261,0.418585894,0.404264917,0.346284903,0.470593553,0.492217921,0.583504714,0.485874948,0.294544106560282,0.27025461801377,0.344757658475209,0.407112771251459,0.37611782683975,0.323694963212988,0.308825851013263,0.262265991910932,0.385975488657188,0.343590708965631,0.411647018927141,0.320881405788455
"397","lg161",0.240959265,0.242181295,0.323707822,0.381431832,0.332946177,0.327060042,0.18921649,0.253157432,0.352678398,0.367680946,0.32638594,0.223771864,0.187178528198291,0.182639942092912,0.27033918529298,0.316099297105702,0.263083091504116,0.239113988525094,0.206294582579624,0.179821888526932,0.291911093669208,0.206417505120921,0.254263117067103,0.150992141956451
"398","lg164",0.185943624,0.182883758,0.260787916,0.301109616,0.226755152,0.192083023,0.248108877,0.166187665,0.409477867,0.195036291,0.294641358,0.135872764,0.247060955385232,0.234106676230292,0.303462176233168,0.336091646546843,0.342230227443236,0.321176659874947,0.306815833989015,0.217741762060311,0.382415815986062,0.300500658476243,0.364450445691943,0.253998703662734
"399","lg165",0.15115876,0.168808898,0.267009583,0.330643476,0.482177319,0.438376561,0.424921813,0.432145816,0.480543146,0.548129973,0.386850723,0.236083036,0.154409256899381,0.164386463032342,0.283291919812648,0.347601054553267,0.470233837212477,0.390578227358125,0.33372015176822,0.346630988354864,0.429350782930196,0.480237145330421,0.36645847404781,0.216985241933441
"401","lg167",0.318966929,0.414397446,0.502934155,0.493703967,0.55142452,0.448499941,0.336884366,0.299882038,0.446518048,0.567400215,0.44961455,0.39288818,0.287905463402545,0.309890691267547,0.401605529807168,0.43577443181859,0.492948337249481,0.409785460599264,0.35243269338144,0.339894812534306,0.440097365610312,0.493278740116613,0.408693005943695,0.335649234550099
"402","lg168",0.330990075,0.393219149,0.461931068,0.489999158,0.49700277,0.482752801,0.319654861,0.312046728,0.500018648,0.600094941,0.425287788,0.38435752,0.290973705733551,0.313969923233522,0.405471384878683,0.435591294356612,0.494646148528246,0.416108136213372,0.353817243000392,0.342910378180945,0.443758131575044,0.510429547654583,0.408293216272926,0.338568880443071
"403","lg169",0.366375823,0.366254338,0.472508215,0.437059844,0.533912836,0.369643586,0.341708463,0.32929872,0.459890599,0.557329975,0.410237524,0.383195058,0.300454089049218,0.318867923679126,0.413962502873601,0.434821023653939,0.497360417344895,0.414385422172605,0.355415827886335,0.342799382720743,0.445363713641463,0.515871741607793,0.410065760673772,0.34794733428649
"404","lg170",0.28348264,0.293557756,0.354451075,0.494330744,0.327277272,0.205942967,0.151502789,0.075328394,0.303098728,0.269243988,0.410449057,0.294074473,0.246908785573538,0.231996135363098,0.309602287049657,0.361678994063518,0.324733751423164,0.263384280125216,0.216621986760968,0.176798893952355,0.312845149014067,0.28100617051601,0.388812964543165,0.269883486932438
"406","lg172",0.003982293,0.030205316,0.347188108,0.367666925,0.499439682,0.440781543,0.496378035,0.385017954,0.545180316,0.254871987,0.295029574,0.01788427,0.040599260220952,0.0895584907514926,0.188391648279781,0.28372203355785,0.32514188319581,0.28855713905833,0.316322099873623,0.266512429157601,0.370707802984835,0.224529373596127,0.253346640001022,0.0774755369769871
"407","lg173",-0.008918334,0.023695965,0.024932447,0.06129216,0.065800757,0.120742353,0.194675684,0.002313338,0.037192375,0.031790487,0.104303161,0.018837244,0.0475383896182352,0.0847195552874511,0.17227642245599,0.280667461017522,0.278503361490381,0.233188453818911,0.28643723704882,0.177881537353388,0.315175889613093,0.245991089782144,0.26580928678383,0.0824936243504712
"409","lg175",0.001918019,0.008815363,0.050515916,0.099544403,0.184149188,0.017997159,0.150936635,0.053038975,0.132719268,-0.028936565,0.015794487,0.010970813,0.0494546683921722,0.0848244686695945,0.177528051719685,0.266485003031118,0.272844518348494,0.230948981803494,0.264914094661933,0.17767588347273,0.31840835844918,0.1947478096828,0.231969470263128,0.0820765531032188
"410","lg176",0.21130313,0.221204981,0.372821898,0.312068952,0.309882824,0.335197045,0.42120233,0.278160289,0.468836122,0.354133409,0.518286727,0.261507198,0.151917993680263,0.162686576558621,0.300012814804138,0.28432932512809,0.285842318978906,0.278227373163371,0.35801579420441,0.225505210838744,0.385926339605822,0.270113034056903,0.37124047050871,0.160369146122854
